phen_name	herb_name
Parkinson Disease	Coffea arabica
Parkinson Disease	Solanum lycopersicum
Parkinson Disease	Mucuna
Parkinson Disease	Mucuna pruriens
Parkinson Disease	Nicotiana tabacum
Parkinson Disease	Banisteriopsis
Parkinson Disease	Banisteriopsis caapi
Parkinson Disease	Lycium
Parkinson Disease	Lycium chinense
Parkinson Disease	Ginkgo biloba
Parkinson Disease	Podoscypha parvula
Parkinson Disease	Boletus pinetorum
Parkinson Disease	Vicia faba
Parkinson Disease	Nicotiana tabacum
Parkinson Disease	Amanita ballerina
Parkinson Disease	Secale cereale
Parkinson Disease	Caryota no
Parkinson Disease	Solanum lycopersicum
Parkinson Disease	Camellia sinensis
Parkinson Disease	Russula siamensis
Parkinson Disease	Leucoagaricus croceobasis
Parkinson Disease	Cortinarius talimultiformis
Parkinson Disease	Rhaponticum repens
Parkinson Disease	Pluteus multiformis
Parkinson Disease	Datura stramonium
Parkinson Disease	Mucuna pruriens
Parkinson Disease	Plantago ovata
Parkinson Disease	Cacaoporus tenebrosus
Parkinson Disease	Paxillus adelphus
Parkinson Disease	Oncophorus integerrimus
Parkinson Disease	Panax ginseng
Parkinson Disease	Antrodia flavimontis
Parkinson Disease	Drosophila
Parkinson Disease	Ruscus aculeatus
Parkinson Disease	Citrus
Parkinson Disease	Ginkgo biloba
Parkinson Disease	Piper methysticum
Parkinson Disease	Zea mays
Parkinson Disease	Fraxinus ornus
Parkinson Disease	Smyrnium olusatrum
Parkinson Disease	Cortinarius chrysomallus
Parkinson Disease	Bia
Parkinson Disease	Banisteriopsis caapi
Parkinson Disease	Annona muricata
Parkinson Disease	Oryza sativa
Parkinson Disease	Carica papaya
Parkinson Disease	Iris
Parkinson Disease	Cistanche salsa
Parkinson Disease	Cannabis
Parkinson Disease	Lonchocarpus utilis
Parkinson Disease	Mucuna
Parkinson Disease	Plumbago scandens
Parkinson Disease	Cannabis sativa
Parkinson Disease	Withania somnifera
Parkinson Disease	Ganoderma lucidum
Parkinson Disease	Ganoderma
Parkinson Disease	Nardostachys jatamansi
Parkinson Disease	Serendipita herbamans
Parkinson Disease	Hypericum perforatum
Parkinson Disease	Delphinium denudatum
Parkinson Disease	Salvia miltiorrhiza
Parkinson Disease	Vaccinium corymbosum
Parkinson Disease	Tripterygium wilfordii
Parkinson Disease	Paeonia
Parkinson Disease	Kraftionema allantoideum
Parkinson Disease	Toxicodendron vernicifluum
Parkinson Disease	Cistanche
Parkinson Disease	Corticium salmonicolor
Parkinson Disease	Tricholoma bryogenum
Parkinson Disease	Valeriana officinalis
Parkinson Disease	Haematococcus lacustris
Parkinson Disease	Trifolium pratense
Parkinson Disease	Senna obtusifolia
Parkinson Disease	Uncaria tomentosa
Parkinson Disease	Alocasia macrorrhizos
Parkinson Disease	Theobroma cacao
Parkinson Disease	Astragalus membranaceus
Parkinson Disease	Lindera aggregata
Parkinson Disease	Curcuma comosa
Parkinson Disease	Uncaria rhynchophylla
Parkinson Disease	Euterpe oleracea
Parkinson Disease	Curcuma longa
Parkinson Disease	Danae
Parkinson Disease	Cycas micronesica
Parkinson Disease	Platycladus orientalis
Parkinson Disease	Centella asiatica
Parkinson Disease	Morus
Parkinson Disease	Gynostemma pentaphyllum
Parkinson Disease	Lactarius rubrobrunneus
Parkinson Disease	Gastrodia elata
Parkinson Disease	Bacopa monnieri
Parkinson Disease	Salvia rosmarinus
Parkinson Disease	Crocus sativus
Parkinson Disease	Dictamnus dasycarpus
Parkinson Disease	Croton celtidifolius
Parkinson Disease	Hyoscyamus niger
Parkinson Disease	Hyoscyamus
Parkinson Disease	Hibiscus asper
Parkinson Disease	Ligusticum tenuissimum
Parkinson Disease	Platycodon grandiflorus
Parkinson Disease	Angelica dahurica
Parkinson Disease	Actaea heracleifolia
Parkinson Disease	Polygala tenuifolia
Parkinson Disease	Dimocarpus longan
Parkinson Disease	Laurus nobilis
Parkinson Disease	Pennellia yalaensis
Parkinson Disease	Fallopia multiflora
Parkinson Disease	Paris
Parkinson Disease	Polygonum cuspidatum
Parkinson Disease	Nelumbo nucifera
Parkinson Disease	Cortinarius mirus
Parkinson Disease	Piper longum
Parkinson Disease	Achillea fragrantissima
Parkinson Disease	Melissa officinalis
Parkinson Disease	Cortinarius salicticolus
Parkinson Disease	Sesamum indicum
Parkinson Disease	Cuviera semseii
Parkinson Disease	Glycyrrhiza uralensis
Parkinson Disease	Scutellaria
Parkinson Disease	Malus domestica
Parkinson Disease	Cinnamomum verum
Parkinson Disease	Scutellaria baicalensis
Parkinson Disease	Piper nigrum
Parkinson Disease	Olea
Parkinson Disease	Amaurodon angulisporus
Parkinson Disease	Acorus gramineus
Parkinson Disease	Garcinia indica
Parkinson Disease	Corymbia citriodora
Parkinson Disease	Pulicaria incisa
Parkinson Disease	Trigonella foenum-graecum
Parkinson Disease	Olea europaea
Parkinson Disease	Cortinarius caesiocinctus
Parkinson Disease	Chroogomphus rutilus
Parkinson Disease	Mentha x piperita
Parkinson Disease	Zingiber officinale
Parkinson Disease	Portulaca oleracea
Parkinson Disease	Petasites japonicus
Parkinson Disease	Pisum sativum
Parkinson Disease	Cortinarius coracis
Parkinson Disease	Sida cordifolia
Parkinson Disease	Vitis vinifera
Parkinson Disease	Sesbania grandiflora
Parkinson Disease	Ampelopsis
Parkinson Disease	Punica granatum
Parkinson Disease	Paeonia suffruticosa
Parkinson Disease	Althaea officinalis
Parkinson Disease	Chione
Parkinson Disease	Anemarrhena asphodeloides
Parkinson Disease	Nigella sativa
Parkinson Disease	Tinospora cordifolia
Parkinson Disease	Eleutherococcus senticosus
Parkinson Disease	Citrus x paradisi
Parkinson Disease	Albizia adianthifolia
Parkinson Disease	Stereopsis
Parkinson Disease	Streptosarcina costaricana
Parkinson Disease	Plantago princeps
Parkinson Disease	Cuscuta
Parkinson Disease	Rehmannia
Parkinson Disease	Arachis hypogaea
Parkinson Disease	Buddleja cordata
Parkinson Disease	Ocimum tenuiflorum
Parkinson Disease	Eucommia ulmoides
Parkinson Disease	Decalepis hamiltonii
Parkinson Disease	Sudamerlycaste
Parkinson Disease	Lycium barbarum
Parkinson Disease	Panax notoginseng
Parkinson Disease	Sideritis
Parkinson Disease	Juglans
Parkinson Disease	Vaccinium macrocarpon
Parkinson Disease	Solanum anguivi
Parkinson Disease	Pueraria
Parkinson Disease	Beta vulgaris
Parkinson Disease	Cuminum cyminum
Parkinson Disease	Garcinia mangostana
Parkinson Disease	Agaricus stevensii
Parkinson Disease	Cyperus rotundus
Parkinson Disease	Citrus unshiu
Parkinson Disease	Morinda citrifolia
Parkinson Disease	Campylotropis hirtella
Parkinson Disease	Aronia melanocarpa
Parkinson Disease	Eryngium
Parkinson Disease	Carthamus tinctorius
Parkinson Disease	Agaricus bisporiticus
Parkinson Disease	Daphne genkwa
Parkinson Disease	Moringa oleifera
Parkinson Disease	Alpinia oxyphylla
Parkinson Disease	Geum urbanum
Parkinson Disease	Lavandula angustifolia
Parkinson Disease	Coptis chinensis
Parkinson Disease	Sigesbeckia pubescens
Parkinson Disease	Peganum harmala
Parkinson Disease	Urtica dioica
Parkinson Disease	Agaricus blazei
Parkinson Disease	Calyptranthes grandifolia
Parkinson Disease	Bupleurum falcatum
Parkinson Disease	Hericium erinaceus
Parkinson Disease	Cistanche tubulosa
Parkinson Disease	Humulus japonicus
Parkinson Disease	Epimedium sagittatum
Parkinson Disease	Triticum aestivum
Parkinson Disease	Rhus typhina
Parkinson Disease	Epimedium koreanum
Parkinson Disease	Borago officinalis
Parkinson Disease	Aloe arborescens
Parkinson Disease	Boletus pseudopinophilus
Parkinson Disease	Senna tora
Parkinson Disease	Calotropis gigantea
Parkinson Disease	Passiflora cincinnata
Parkinson Disease	Passiflora incarnata
Parkinson Disease	Marasmius calvocystidiatus
Parkinson Disease	Brassica napus
Parkinson Disease	Achillea
Parkinson Disease	Scutellaria pinnatifida
Parkinson Disease	Calamintha
Parkinson Disease	Linaria
Parkinson Disease	Achyranthes bidentata
Parkinson Disease	Pseudotricholoma metapodium
Parkinson Disease	Maclura tricuspidata
Parkinson Disease	Hibiscus sabdariffa
Parkinson Disease	Citrus limon
Parkinson Disease	Garcinia kola
Parkinson Disease	Aspidosperma pyrifolium
Parkinson Disease	Aspidosperma
Parkinson Disease	Anacardium occidentale
Parkinson Disease	Crataegus pinnatifida
Parkinson Disease	Chlamydomonas reinhardtii
Parkinson Disease	Dendropanax morbifer
Parkinson Disease	Tussilago farfara
Parkinson Disease	Morus nigra
Parkinson Disease	Gastrodia
Parkinson Disease	Curcuma phaeocaulis
Parkinson Disease	Clematis terniflora
Parkinson Disease	Paullinia cupana
Parkinson Disease	Solanum dulcamara
Parkinson Disease	Tomophagus cattienensis
Parkinson Disease	Hypericum polyanthemum
Parkinson Disease	Bupleurum
Parkinson Disease	Astilbe thunbergii
Parkinson Disease	Engelhardia roxburghiana
Parkinson Disease	Smilax corbularia
Parkinson Disease	Erythroxylum gonoclados
Parkinson Disease	Salvia
Parkinson Disease	Eplingiella fruticosa
Parkinson Disease	Russula katarinae
Mild cognitive disorder	Panax ginseng
Mild cognitive disorder	Gossypium hirsutum
Mild cognitive disorder	Cortinarius caesiocinctus
Mild cognitive disorder	Inocybe floccosibrunnea
Mild cognitive disorder	Nicotiana tabacum
Mild cognitive disorder	Tricholoma bryogenum
Mild cognitive disorder	Fomitiporia expansa
Mild cognitive disorder	Ginkgo biloba
Mild cognitive disorder	Hypericum perforatum
Mild cognitive disorder	Centella asiatica
Mild cognitive disorder	Piper methysticum
Mild cognitive disorder	Solanum lycopersicum
Mild cognitive disorder	Cannabis
Mild cognitive disorder	Crocus sativus
Mild cognitive disorder	Cannabis sativa
Mild cognitive disorder	Inocybe grammatoides
Mild cognitive disorder	Paeonia
Mild cognitive disorder	Boletus pinetorum
Mild cognitive disorder	Haematococcus lacustris
Mild cognitive disorder	Lathyrus sativus
Mild cognitive disorder	Vaccinium corymbosum
Mild cognitive disorder	Cortinarius coracis
Mild cognitive disorder	Mentha x piperita
Mild cognitive disorder	Cananga odorata
Mild cognitive disorder	Camellia sinensis
Mild cognitive disorder	Pluteus multiformis
Mild cognitive disorder	Zea mays
Mild cognitive disorder	Isoetes shangrilaensis
Mild cognitive disorder	Urtica dioica
Mild cognitive disorder	Hericium erinaceus
Mild cognitive disorder	Bikinia letestui
Mild cognitive disorder	Mentha
Mild cognitive disorder	Theobroma cacao
Mild cognitive disorder	Vitis labrusca
Mild cognitive disorder	Deamia montalvoae
Mild cognitive disorder	Pennellia yalaensis
Mild cognitive disorder	Phyllostachys vivax
Mild cognitive disorder	Acer
Mild cognitive disorder	Cortinarius vesterholtii
Mild cognitive disorder	Coffea
Mild cognitive disorder	Pithecellobium dulce
Mild cognitive disorder	Glia
Mild cognitive disorder	Oncophorus integerrimus
Mild cognitive disorder	Lycium chinense
Mild cognitive disorder	Pseudotricholoma metapodium
Mild cognitive disorder	Zingiber zerumbet
Mild cognitive disorder	Cortinarius talimultiformis
Mild cognitive disorder	Cissampelos pareira
Mild cognitive disorder	Anethum graveolens
Mild cognitive disorder	Capsicum annuum
Mild cognitive disorder	Withania somnifera
Mild cognitive disorder	Russula siamensis
Mild cognitive disorder	Zingiber officinale
Mild cognitive disorder	Oryza sativa
Mild cognitive disorder	Ficus religiosa
Mild cognitive disorder	Cortinarius ceskae
Mild cognitive disorder	Vicia faba
Mild cognitive disorder	Lactarius rubrobrunneus
Mild cognitive disorder	Boletus pseudopinophilus
Mild cognitive disorder	Campanula rotata
Mild cognitive disorder	Moringa oleifera
Mild cognitive disorder	Marasmius calvocystidiatus
Mild cognitive disorder	Bacopa monnieri
Mild cognitive disorder	Sinningia bragae
Mild cognitive disorder	Mangifera indica
Mild cognitive disorder	Salvia
Mild cognitive disorder	Salvia officinalis
Mild cognitive disorder	Avena sativa
Mild cognitive disorder	Chione
Mild cognitive disorder	Cuscuta
Mild cognitive disorder	Inga
Mild cognitive disorder	Manihot esculenta
Mild cognitive disorder	Citrus sinensis
Mild cognitive disorder	Punica granatum
Mild cognitive disorder	Selaginella plana
Mild cognitive disorder	Ganoderma lingzhi
Mild cognitive disorder	Rhabdosciadium anatolyi
Mild cognitive disorder	Vitis vinifera
Mild cognitive disorder	Inosperma lanatodiscum
Mild cognitive disorder	Lessertia frutescens
Mild cognitive disorder	Brassica napus
Mild cognitive disorder	Brassica oleracea
Mild cognitive disorder	Brassica carinata
Mild cognitive disorder	Brassica rapa
Mild cognitive disorder	Epimedium brevicornu
Mild cognitive disorder	Tambourissa tau
Mild cognitive disorder	Caryota no
Mild cognitive disorder	Capparis spinosa
Mild cognitive disorder	Ekimia ozcan-secmenii
Mild cognitive disorder	Ziziphus
Mild cognitive disorder	Crocus
Mild cognitive disorder	Pleurotus ostreatus
Mild cognitive disorder	Podoscypha parvula
Mild cognitive disorder	Cuviera semseii
Mild cognitive disorder	Juglans
Mild cognitive disorder	Tomophagus cattienensis
Mild cognitive disorder	Cyperus rotundus
Mild cognitive disorder	Portulaca oleracea
Mild cognitive disorder	Fragaria x ananassa
Mild cognitive disorder	Ganoderma ecuadoriense
Mild cognitive disorder	Ligusticum tenuissimum
Mild cognitive disorder	Greenwayodendron usambaricum
Mild cognitive disorder	Cortinarius claroplaniusculus
Mild cognitive disorder	Laurus nobilis
Mild cognitive disorder	Litchi chinensis
Mild cognitive disorder	Terminalia chebula
Mild cognitive disorder	Hibiscus sabdariffa
Mild cognitive disorder	Aria
Mild cognitive disorder	Huperzia serrata
Mild cognitive disorder	Schizolobium parahyba
Mild cognitive disorder	Inocybe favrei
Mild cognitive disorder	Aa
Mild cognitive disorder	Solanum
Mild cognitive disorder	Solanum nigrum
Mild cognitive disorder	Solanum macrocarpon
Mild cognitive disorder	Sesbania grandiflora
Mild cognitive disorder	Ipomoea batatas
Mild cognitive disorder	Dendrobium
Mild cognitive disorder	Ocimum gratissimum
Mild cognitive disorder	Rhodiola
Mild cognitive disorder	Cinnamomum verum
Mild cognitive disorder	Syzygium aromaticum
Aphasia	Mauremys reevesii
Forgetful	Eleutherococcus senticosus
Forgetful	Nigella damascena
Forgetful	Glycyrrhiza uralensis
Forgetful	Glycyrrhiza glabra
Forgetful	Glycyrrhiza inflata
Forgetful	Glycyrrhiza pallidiflora
Forgetful	Wolfiporia cocos
Forgetful	Radix
Forgetful	Ganoderma lucidum
Forgetful	Ganoderma sinense
Forgetful	Ganoderma japonicum
Forgetful	Panax ginseng
Forgetful	Lespedeza cuneata
Forgetful	Lespedeza davurica
Forgetful	Phytolacca acinosa
Forgetful	Polygala tenuifolia
Forgetful	Cervus nippon
Forgetful	Tor
Forgetful	Nigella
Forgetful	Ala
Forgetful	Polygala
Forgetful	Oncophorus integerrimus
Forgetful	Kraftionema allantoideum
Forgetful	Polygala tenuifolia
Forgetful	Wolfiporia cocos
Forgetful	Nicotiana tabacum
Forgetful	Cistanche tubulosa
Forgetful	Tomophagus cattienensis
Forgetful	Polygala
Forgetful	Poria
Forgetful	Peganum harmala
Forgetful	Tabernaemontana divaricata
Tremor	Styphnolobium japonicum
Tremor	Apium graveolens
Tremor	Tor
Tremor	Podoscypha parvula
Tremor	Cortinarius talimultiformis
Tremor	Boletus pinetorum
Tremor	Echinochaete maximipora
Tremor	Suillus marginielevatus
Tremor	Conium maculatum
Tremor	Cannabis sativa
Tremor	Arachis hypogaea
Tremor	Russula siamensis
Tremor	Prunus mume
Tremor	Olea
Tremor	Phytolacca americana
Tremor	Sorghum bicolor
Tremor	Cortinarius chrysomallus
Tremor	Leucoagaricus croceobasis
Tremor	Cicuta douglasii
Tremor	Cannabis
Tremor	Macadamia
Tremor	Panax ginseng
Tremor	Sesamum indicum
Tremor	Tricholoma bryogenum
Tremor	Swietenia
Tremor	Chenopodium album
Tremor	Matricaria chamomilla
Tremor	Polygala
Tremor	Paspalum scrobiculatum
Tremor	Piper methysticum
Tremor	Areca catechu
Tremor	Inocybe farinosipes
Tremor	Cascadia
Tremor	Dichapetalum cymosum
Tremor	Erica
Tremor	Juglans
Tremor	Uncaria rhynchophylla
Tremor	Cynodon dactylon
Tremor	Danae
Tremor	Rhodiola rosea
Tremor	Mitragyna speciosa
Tremor	Cortinarius caesiocinctus
Tremor	Azadirachta indica
Tremor	Cortinarius ceskae
Tremor	Sinningia bragae
Tremor	Melissa officinalis
Tremor	Alocasia macrorrhizos
Tremor	Crocus sativus
Tremor	Nicotiana tabacum
Tremor	Serendipita herbamans
Tremor	Inosperma lanatodiscum
Tremor	Mucuna pruriens
Tremor	Mucuna
Tremor	Ipomoea trifida
Tremor	Ipomoea carnea
Muscle Rigidity	Cibotium barometz
Muscle Rigidity	Pentanema britannicum
Muscle Rigidity	Inula japonica
Muscle Rigidity	Calystegia pubescens
Muscle Rigidity	Schizonepeta tenuifolia
Muscle Rigidity	Styphnolobium japonicum
Muscle Rigidity	Ovis aries
Muscle Rigidity	Persicaria perfoliata
Muscle Rigidity	Bufo gargarizans
Muscle Rigidity	Melia azedarach
Muscle Rigidity	Melia azedarach var. toosendan
Muscle Rigidity	Capra hircus
Muscle Rigidity	Cucumis melo
Muscle Rigidity	Cerus
Muscle Rigidity	Canis lupus familiaris
Muscle Rigidity	Amynthas aspergillus
Muscle Rigidity	Lumbricus
Muscle Rigidity	Mauremys reevesii
Muscle Rigidity	Prunus persica
Muscle Rigidity	Glechoma hederacea
Muscle Rigidity	Glechoma longituba
Muscle Rigidity	Areca catechu
Muscle Rigidity	Spiraea blumei
Muscle Rigidity	Verbena officinalis
Muscle Rigidity	Lima
Muscle Rigidity	Potentilla discolor
Muscle Rigidity	Strychnos ignatii
Muscle Rigidity	Hydrangea febrifuga
Muscle Rigidity	Spiraea prunifolia
Muscle Rigidity	Vincetoxicum atratum
Muscle Rigidity	Orixa japonica
Muscle Rigidity	Clerodendrum trichotomum
Muscle Rigidity	Bupleurum falcatum
Muscle Rigidity	Bupleurum chinense
Muscle Rigidity	Enterobacter quasihormaechei
Muscle Rigidity	Bupleurum euphorbioides
Muscle Rigidity	Bupleurum latissimum
Muscle Rigidity	Bupleurum longiradiatum
Muscle Rigidity	Brucea javanica
Muscle Rigidity	Commelina communis
Muscle Rigidity	Minium
Muscle Rigidity	Agrimonia pilosa
Muscle Rigidity	Inula helenium
Muscle Rigidity	Rhagadotarsus kraepelini
Muscle Rigidity	Panthera
Muscle Rigidity	Hemitrygon akajei
Muscle Rigidity	Andrias davidianus
Muscle Rigidity	Glaucidium cuculoides
Muscle Rigidity	Upupa epops
Muscle Rigidity	Artemisia apiacea
Muscle Rigidity	Allium sativum
Muscle Rigidity	Ranunculus ternatus
Muscle Rigidity	Hydrangea macrophylla
Muscle Rigidity	Cannabis sativa
Muscle Rigidity	Ficus pumila
Muscle Rigidity	Anguilla japonica
Muscle Rigidity	Iris lactea
Muscle Rigidity	Bos taurus
Muscle Rigidity	Bubalus bubalis
Muscle Rigidity	Sigesbeckia glabrescens
Muscle Rigidity	Persicaria orientalis
Muscle Rigidity	Ranunculus sceleratus
Muscle Rigidity	Artemisia annua
Muscle Rigidity	Alcea rosea
Muscle Rigidity	Dioscorea nipponica
Muscle Rigidity	Dioscorea quinquelobata
Muscle Rigidity	Morpho
Muscle Rigidity	Hyoscyamus niger
Muscle Rigidity	Inula salicina
Muscle Rigidity	Phyllostachys nigra
Muscle Rigidity	Pleioblastus amarus
Muscle Rigidity	Veratrum nigrum
Muscle Rigidity	Galloisiana odaesanensis
Muscle Rigidity	Ranunculus cantoniensis
Muscle Rigidity	Benincasa hispida
Muscle Rigidity	Potentilla kleiniana
Muscle Rigidity	Hypericum ascyron
Muscle Rigidity	Maclura tricuspidata
Muscle Rigidity	Equus asinus
Muscle Rigidity	Iris pallasii
Muscle Rigidity	Plectranthias japonicus
Muscle Rigidity	Ranunculus japonicus
Muscle Rigidity	Sedum bulbiferum
Muscle Rigidity	Erigeron annuus
Muscle Rigidity	Justicia procumbens
Muscle Rigidity	Centipeda minima
Muscle Rigidity	Ferula fukanensis
Muscle Rigidity	Ferula sinkiangensis
Muscle Rigidity	Iris koreana
Muscle Rigidity	Iris odaesanensis
Muscle Rigidity	Iris rossii
Muscle Rigidity	Podoscypha parvula
Muscle Rigidity	Boletus pinetorum
Muscle Rigidity	Olea
Muscle Rigidity	Cacaoporus tenebrosus
Muscle Rigidity	Ficus religiosa
Muscle Rigidity	Camellia sinensis
Bradykinesia	Podoscypha parvula
Bradykinesia	Boletus pinetorum
Bradykinesia	Russula siamensis
Bradykinesia	Fraxinus ornus
Bradykinesia	Oncophorus integerrimus
Bradykinesia	Solanum tuberosum
Bradykinesia	Morinda citrifolia
Dyskinetic syndrome	Radix
Dyskinetic syndrome	Caryota no
Dyskinetic syndrome	Senna
Dyskinetic syndrome	Arachis hypogaea
Dyskinetic syndrome	Cortinarius chrysomallus
Dyskinetic syndrome	Kalanchoe
Dyskinetic syndrome	Chlamydomonas reinhardtii
Dyskinetic syndrome	Samanea
Dyskinetic syndrome	Campanula rotata
Dyskinetic syndrome	Nicotiana benthamiana
Dyskinetic syndrome	Solanum lycopersicum
Dyskinetic syndrome	Boletus pinetorum
Dyskinetic syndrome	Malus domestica
Dyskinetic syndrome	Daucus carota
Dyskinetic syndrome	Arabidopsis thaliana
Dyskinetic syndrome	Pistacia lentiscus
Dyskinetic syndrome	Prunus dulcis
Dyskinetic syndrome	Iris
Dyskinetic syndrome	Solanum tuberosum
Dyskinetic syndrome	Malva neglecta
Dyskinetic syndrome	Oncophorus integerrimus
Dyskinetic syndrome	Nerium oleander
Dyskinetic syndrome	Facelis
Dyskinetic syndrome	Prospero
Dyskinetic syndrome	Helianthus annuus
Dyskinetic syndrome	Helianthus
Dyskinetic syndrome	Withania somnifera
Dyskinetic syndrome	Nicotiana tabacum
Dyskinetic syndrome	Mentha spicata
Dyskinetic syndrome	Carica papaya
Dyskinetic syndrome	Atropa belladonna
Dyskinetic syndrome	Euphorbia paralias
Dyskinetic syndrome	Bidens bipinnata
Dyskinetic syndrome	Russula katarinae
Dyskinetic syndrome	Convolvulus fatmensis
Dyskinetic syndrome	Schouwia thebaica
Dyskinetic syndrome	Plantago major
Dyskinetic syndrome	Pluteus multiformis
Dyskinetic syndrome	Azadirachta indica
Dyskinetic syndrome	Lepiota himalayensis
Dyskinetic syndrome	Vachellia farnesiana
Dyskinetic syndrome	Prosopis glandulosa
Dyskinetic syndrome	Albizia
Dyskinetic syndrome	Hordeum vulgare
Dyskinetic syndrome	Origanum syriacum
Dyskinetic syndrome	Vitis vinifera
Dyskinetic syndrome	Mimosa pudica
Dyskinetic syndrome	Samanea saman
Dyskinetic syndrome	Cannabis sativa
Dyskinetic syndrome	Melia azedarach
Dyskinetic syndrome	Ilex paraguariensis
Dyskinetic syndrome	Haematococcus lacustris
Dyskinetic syndrome	Inocybe farinosipes
Dyskinetic syndrome	Schisandra chinensis
Dyskinetic syndrome	Vaccinium corymbosum
Dyskinetic syndrome	Oryza sativa
Dyskinetic syndrome	Curcuma longa
Dyskinetic syndrome	Hypericum perforatum
Dyskinetic syndrome	Murraya koenigii
Dyskinetic syndrome	Morinda citrifolia
Dyskinetic syndrome	Cortinarius caesiocinctus
Deglutition Disorders	Calvatia gigantea
Deglutition Disorders	Fagopyrum esculentum
Deglutition Disorders	Oryza sativa
Deglutition Disorders	Calvatia fenzlii
Deglutition Disorders	Maba
Deglutition Disorders	Cinnamomum aromaticum
Deglutition Disorders	Alpinia officinarum
Deglutition Disorders	Saccharina japonica
Deglutition Disorders	Ecklonia cava subsp. kurome
Deglutition Disorders	Siphateles boraxobius
Deglutition Disorders	Papilio machaon
Deglutition Disorders	Phragmites australis
Deglutition Disorders	Pteridium aquilinum
Deglutition Disorders	Collocalia esculenta
Deglutition Disorders	Homo sapiens
Deglutition Disorders	Trichosanthes cucumeroides
Deglutition Disorders	Bos taurus
Deglutition Disorders	Ovis
Deglutition Disorders	Oryza sativa
Deglutition Disorders	Phalacrocorax carbo hanedae
Deglutition Disorders	Phalacrocorax carbo sinensis
Deglutition Disorders	Isa
Deglutition Disorders	Glaucidium cuculoides
Deglutition Disorders	Anser anser domesticus
Deglutition Disorders	Althaea officinalis
Deglutition Disorders	Inocybe favrei
Deglutition Disorders	Cortinarius talimultiformis
Deglutition Disorders	Philodendron
Deglutition Disorders	Actinidia chinensis
Deglutition Disorders	Rhizoclonium ramosum
Deglutition Disorders	Nicotiana tabacum
Deglutition Disorders	Alocasia macrorrhizos
Deglutition Disorders	Amanita glarea
Deglutition Disorders	Citrus
Deglutition Disorders	Vitis vinifera
Deglutition Disorders	Fragaria x ananassa
Deglutition Disorders	Triticum aestivum
Deglutition Disorders	Camellia sinensis
Deglutition Disorders	Serendipita herbamans
Deglutition Disorders	Dieffenbachia
Deglutition Disorders	Daucus carota
Deglutition Disorders	Zea mays
Deglutition Disorders	Prunus persica
Deglutition Disorders	Malus domestica
Deglutition Disorders	Phleum pratense
Deglutition Disorders	Pennellia yalaensis
Deglutition Disorders	Allium sativum
Deglutition Disorders	Oryza sativa
Deglutition Disorders	Kraftionema allantoideum
Deglutition Disorders	Echium
Deglutition Disorders	Amanita ballerina
Deglutition Disorders	Eragrostis tef
Deglutition Disorders	Ceratonia siliqua
Deglutition Disorders	Cuviera semseii
Deglutition Disorders	Eucalyptus grandis
Deglutition Disorders	Pluteus multiformis
Deglutition Disorders	Haematococcus lacustris
Deglutition Disorders	Arnica montana
Deglutition Disorders	Inosperma lanatodiscum
Postural instability	Serendipita herbamans
Postural instability	Helianthus annuus
Postural instability	Mucuna pruriens
Postural instability	Haematococcus lacustris
Postural instability	Morinda citrifolia
Postural instability	Bacopa monnieri
REM Sleep Behavior Disorder	Theobroma cacao
REM Sleep Behavior Disorder	Annona muricata
REM Sleep Behavior Disorder	Chrysanthemum x morifolium
REM Sleep Behavior Disorder	Arachis hypogaea
REM Sleep Behavior Disorder	Wolfiporia cocos
REM Sleep Behavior Disorder	Prunella vulgaris
REM Sleep Behavior Disorder	Agaricus bisporiticus
REM Sleep Behavior Disorder	Ocimum basilicum
REM Sleep Behavior Disorder	Nicotiana tabacum
REM Sleep Behavior Disorder	Podoscypha parvula
Depressive disorder	Lepus mandshuricus
Depressive disorder	Bupleurum chinense
Depressive disorder	Iti
Depressive disorder	Lepus tolai
Depressive disorder	Sesamum indicum
Depressive disorder	Teline
Depressive disorder	Hypericum perforatum
Depressive disorder	Gynochthodes officinalis
Constipation	Boschniakia rossica
Constipation	Calomela
Constipation	Morus alba
Constipation	Dianthus chinensis
Constipation	Dianthus superbus
Constipation	Scrophularia buergeriana
Constipation	Scrophularia ningpoensis
Constipation	Scrophularia fargesii
Constipation	Scrophularia kakudensis
Constipation	Scrophularia koraiensis
Constipation	Alcea rosea
Constipation	Lutra lutra
Constipation	Chroicocephalus ridibundus
Constipation	Senna alexandrina
Constipation	Gleditsia sinensis
Constipation	Radix
Constipation	Apha
Constipation	Io
Constipation	Nes
Constipation	Asparagus cochinchinensis
Constipation	Abelmoschus moschatus
Constipation	Anemarrhena asphodeloides
Constipation	Ami
Constipation	Prunus tomentosa
Constipation	Radix
Constipation	Senna occidentalis
Constipation	Cistanche deserticola
Constipation	Glycine max
Constipation	Frangula alnus
Constipation	Raphanus sativus
Constipation	Rumex japonicus
Constipation	Chondrus
Constipation	Rhamnus leptophylla
Constipation	Ophiopogon japonicus
Constipation	Angelica sinensis
Constipation	Trichosanthes kirilowii
Constipation	Celastrus paniculatus
Constipation	Croton
Constipation	Liriope spicata
Constipation	Rumex crispus
Constipation	Aralia elata
Constipation	Cynomorium songaricum
Constipation	Siraitia grosvenorii
Constipation	Perilla frutescens
Constipation	Iti
Constipation	Rheum hotaoense
Constipation	Chamaecrista mimosoides
Constipation	Orobanche coerulescens
Constipation	Olea europaea
Constipation	Aloe vera
Constipation	Psorospermum febrifugum
Constipation	Sus scrofa domesticus
Constipation	Magnolia officinalis
Constipation	Excoecaria agallocha
Constipation	Ipomoea batatas
Constipation	Euphorbia prolifera
Constipation	Citrullus lanatus subsp. vulgaris
Constipation	Senna obtusifolia
Constipation	Hernandia sonora
Constipation	Scrophularia ningpoensis
Constipation	Erysimum cheiri
Constipation	Rumex patientia
Constipation	Prunus persica
Constipation	Rumex acetosa
Constipation	Linaria vulgaris
Constipation	Perilla frutescens var. arguta
Constipation	Citrus trifoliata
Constipation	Rehmannia glutinosa
Constipation	Rhamnus cathartica
Constipation	Cannabis sativa
Constipation	Ficus carica
Constipation	Fallopia multiflora
Constipation	Brassica rapa subsp. oleifera
Constipation	Scaphium lychnophorum
Constipation	Tamarindus indica
Constipation	Rumex obtusifolius
Constipation	Linum usitatissimum
Constipation	Senna sophera
Constipation	Aloe arborescens var. natalensis
Constipation	Arthromeris mairei
Constipation	Aquilaria agallochum
Constipation	Prunus salicina
Constipation	Sesamum indicum
Constipation	Ipomoea aquatica
Constipation	Pinus koraiensis
Constipation	Rheum officinale
Constipation	Aleurites moluccanus
Constipation	Sophora flavescens
Constipation	Prunus armeniaca
Constipation	Prunus japonica
Constipation	Juglans regia
Constipation	Apis cerana
Constipation	Biancaea decapetala
Constipation	Passiflora edulis
Constipation	Triadica sebifera
Constipation	Sesamum indicum
Constipation	Ira
Constipation	Gleditsia japonica
Constipation	Anemarrhena asphodeloides
Constipation	Ovis aries
Constipation	Aquilaria agallochum
Constipation	Aquilaria sinensis
Constipation	Curcuma zedoaria
Constipation	Curcuma kwangsiensis
Constipation	Curcuma wenyujin
Constipation	Curcuma phaeocaulis
Constipation	Ipomoea nil
Constipation	Ipomoea purpurea
Constipation	Calomela
Constipation	Trichosanthes kirilowii
Constipation	Malva verticillata
Constipation	Helianthus annuus
Constipation	Rheum palmatum
Constipation	Raphanus sativus
Constipation	Homo sapiens
Constipation	Abutilon theophrasti
Constipation	Phytolacca acinosa
Constipation	Phytolacca americana
Constipation	halite metagenome
Constipation	Allium fistulosum
Constipation	Phelotrupes laevistriatus
Constipation	Euphorbia pekinensis
Constipation	Knoxia corymbosa
Constipation	Euphorbia esula
Constipation	Aloe
Constipation	Capra hircus
Constipation	Prunus humilis
Constipation	Prunus japonica
Constipation	Senna tora
Constipation	Senna obtusifolia
Constipation	Prunus mandshurica
Constipation	Trichosanthes cucumeroides
Constipation	Trichosanthes bracteata
Constipation	Trichosanthes truncata
Constipation	Xylotrupes
Constipation	Secale cereale
Constipation	Liriope muscari
Constipation	Ophiopogon japonicus
Constipation	Liriope spicata
Constipation	Torreya nucifera
Constipation	Torreya grandis
Constipation	Ovis
Constipation	Bubalus bubalis
Constipation	Citrus trifoliata
Constipation	Citrus aurantium
Constipation	Citrus sinensis
Constipation	Citrus natsudaidai
Constipation	Asparagus cochinchinensis
Constipation	Croton tiglium
Constipation	Rheum tanguticum
Constipation	Rheum undulatum
Constipation	Rheum coreanum
Constipation	Rheum officinale
Constipation	Rumex longifolius
Constipation	Magnolia officinalis
Constipation	Magnolia obovata
Constipation	Brassica rapa subsp. oleifera
Constipation	Amaranthus tricolor
Constipation	Bos taurus
Constipation	Ficus erecta
Constipation	Rumex japonicus
Constipation	Brassica rapa subsp. chinensis
Constipation	Aesa
Constipation	Sus scrofa domesticus
Constipation	Pinus koraiensis
Constipation	Vernicia fordii
Constipation	Ipomoea batatas
Constipation	Rhamnus taquetii
Constipation	Senna occidentalis
Constipation	Rumex crispus
Constipation	Catharsius
Constipation	Ricinus communis
Constipation	Brassica rapa
Constipation	Rhamnus davurica
Constipation	Tuber
Constipation	Iti
Constipation	Avena sativa
Constipation	Haliotis gigantea
Constipation	Haliotis diversicolor
Constipation	Cucumis melo
Constipation	Arachis hypogaea
Constipation	Spinacia oleracea
Constipation	Iris uniflora
Constipation	Prunus persica
Constipation	Luffa
Constipation	Haliotis asinina
Constipation	Bromus japonicus
Constipation	Glebionis coronaria
Constipation	Glycine max
Constipation	Prunus tomentosa
Constipation	Euphorbia prolifera
Constipation	Cis
Constipation	Vigna vexillata
Constipation	Rumex acetosa
Constipation	Catharsius molossus
Constipation	Zizania latifolia
Constipation	Abelmoschus manihot
Constipation	Croton
Constipation	Iti
Constipation	Ami
Constipation	Aloe
Constipation	Momordica
Constipation	Calomela
Constipation	Phyto
Constipation	Ula
Constipation	Aria
Constipation	Rheum officinale
Constipation	Citrus aurantium
Constipation	Tor
Constipation	Senna
Constipation	Plantago ovata
Constipation	Sterculia
Constipation	Senna
Constipation	Cortinarius coracis
Constipation	Calotropis procera
Constipation	Glycine max
Constipation	Morus
Constipation	Citrus
Constipation	Triticum aestivum
Constipation	Hordeum vulgare
Constipation	Cyamopsis tetragonoloba
Constipation	Rheum rhabarbarum
Constipation	Glycyrrhiza
Constipation	Sterculia urens
Constipation	Camellia sinensis
Constipation	Catha edulis
Constipation	Avena sativa
Constipation	Zea mays
Constipation	Onira
Constipation	Capsicum frutescens
Constipation	Oryza sativa
Constipation	Maranta arundinacea
Constipation	Prunus persica
Constipation	Zingiber officinale
Constipation	Fagopyrum esculentum
Constipation	Cribbea turbinispora
Constipation	Aa
Constipation	Myristica fragrans
Constipation	Haematococcus lacustris
Constipation	Rhizoclonium ramosum
Constipation	Scrophularia nodosa
Constipation	Scrophularia buergeriana
Constipation	Pisum sativum
Constipation	Persicaria maculosa
Constipation	Theobroma cacao
Constipation	Auricularia
Constipation	Frangula purshiana
Constipation	Linum usitatissimum
Constipation	Fumaria indica
Constipation	Hibiscus rosa-sinensis
Constipation	Secale cereale
Constipation	Indigofera
Constipation	Spinacia oleracea
Constipation	Beta vulgaris
Constipation	Calendula officinalis
Constipation	Amorphophallus konjac
Constipation	Gymnanthemum amygdalinum
Constipation	Areca catechu
Constipation	Saussurea costus
Constipation	Sesamum indicum
Constipation	Aloe vera
Constipation	Actinidia deliciosa
Constipation	Scrophularia
Constipation	Elettaria cardamomum
Constipation	Siraitia grosvenorii
Constipation	Syzygium aromaticum
Constipation	Nicotiana tabacum
Constipation	Bambusa
Constipation	Senna occidentalis
Constipation	Malus domestica
Constipation	Pyrus
Constipation	Serendipita herbamans
Constipation	Morinda morindoides
Constipation	Mareya micrantha
Constipation	Tamarindus indica
Constipation	Croton tiglium
Constipation	Pimpinella anisum
Constipation	Foeniculum vulgare
Constipation	Sambucus nigra
Constipation	Aloe ferox
Constipation	Inosperma lanatodiscum
Constipation	Areca
Constipation	Inula japonica
Constipation	Rheum palmatum
Constipation	Aquilaria sinensis
Constipation	Holarrhena pubescens
Constipation	Piper nigrum
Constipation	Lepidium sativum
Constipation	Prunus domestica
Constipation	Senna macranthera
Constipation	Ipomoea batatas
Constipation	Tricholoma bryogenum
Constipation	Gentiana straminea
Constipation	Gymnema sylvestre
Constipation	Vaccinium macrocarpon
Constipation	Victoria
Constipation	Swertia chirayita
Constipation	Ginkgo biloba
Constipation	Vinca
Constipation	Drimia indica
Constipation	Cistanche deserticola
Constipation	Ficus carica
Constipation	Cressa cretica
Constipation	Lens
Constipation	Ficus
Constipation	Fumaria parviflora
Constipation	Pleurotus tuber-regium
Constipation	Termitomyces microcarpus
Constipation	Calvatia cyathiformis
Constipation	Ganoderma lucidum
Constipation	Ganoderma resinaceum
Constipation	Cucumis melo
Constipation	Senna tora
Constipation	Cortinarius catharinae
Constipation	Aquilaria crassna
Constipation	Senna obtusifolia
Constipation	Solanum tuberosum
Constipation	Panax ginseng
Constipation	Guilandina bonduc
Constipation	Senna alata
Constipation	Phyllanthus emblica
Constipation	Prunus mume
Constipation	Carica papaya
Constipation	Stachytarpheta jamaicensis
Constipation	Musa x paradisiaca
Constipation	Euphorbia tithymaloides
Constipation	Plantago
Constipation	Conyza bonariensis
Constipation	Helianthus annuus
Constipation	Viola betonicifolia
Constipation	Ziziphus mucronata
Constipation	Berchemia discolor
Constipation	Dentipellis fragilis
Constipation	Oncophorus integerrimus
Constipation	Diospyros kaki
Constipation	Raphanus sativus
Constipation	Inocybe floccosibrunnea
Constipation	Polygonum cuspidatum
Constipation	Liriope muscari
Constipation	Leptactina platyphylla
Constipation	Malva neglecta
Constipation	Carissa carandas
Constipation	Singerocybe alboinfundibuliformis
Constipation	Aleurodiscus senticosus
Constipation	Lactarius rubrobrunneus
Constipation	Prunus armeniaca
Constipation	Olea
Constipation	Cassia sieberiana
Constipation	Senna alexandrina
Constipation	Ocimum basilicum
Constipation	Dendrobium candidum
Constipation	Boletus pinetorum
Constipation	Samadera indica
Constipation	Cichorium intybus
Constipation	Rhamnus davurica
Constipation	Cortinarius walkeri
Constipation	Frangula
Constipation	Descurainia sophia
Constipation	Anemarrhena
Constipation	Anemarrhena asphodeloides
Constipation	Leonotis leonurus
Constipation	Cissus quadrangularis
Constipation	Sauropus androgynus
Constipation	Mentha x piperita
Constipation	Melissa officinalis
Constipation	Gleditsia
Constipation	Morella serrata
Constipation	Terminalia chebula
Constipation	Withania somnifera
Constipation	Zantedeschia albomaculata
Constipation	Pluteus multiformis
Constipation	Atropa belladonna
Constipation	Ekimia ozcan-secmenii
Constipation	Dendrobium officinale
Constipation	Aralia cordata
Constipation	Malva sylvestris
Constipation	Chimonobambusa quadrangularis
Constipation	Portulaca oleracea
Constipation	Mitragyna speciosa
Constipation	Tomophagus cattienensis
Constipation	Kirkia acuminata
Constipation	Fallopia multiflora
Constipation	Sphenocentrum jollyanum
Constipation	Combretum indicum
Constipation	Angelica sinensis
Constipation	Trigonostemon reidioides
Constipation	Ulva
Constipation	Cannabis sativa
Constipation	Rosa canina
Constipation	Baccaurea ramiflora
Constipation	Cynomorium songaricum
Constipation	Entoloma griseorugulosum
Constipation	Plantago major
Constipation	Physostigma venenosum
Constipation	Hovenia dulcis
Constipation	Euphorbia lathyris
Constipation	Russula katarinae
Constipation	Citrus aurantium
Constipation	Mangifera indica
Constipation	Oroxylum indicum
Constipation	Paeonia emodi
Constipation	Phyllanthus
Constipation	Cistanche tubulosa
Constipation	Psoralea
Anxiety	Crocus sativus
Anxiety	Dioscorea esculenta
Anxiety	Ovis aries
Anxiety	Calotes versicolor
Anxiety	Platycladus orientalis
Anxiety	Haematococcus lacustris
Anxiety	Serendipita herbamans
Anxiety	Cannabis
Anxiety	Fomitiporia expansa
Anxiety	Cannabis sativa
Anxiety	Salvia
Anxiety	Cortinarius chrysomallus
Anxiety	Nicotiana tabacum
Anxiety	Beta
Anxiety	Cuviera semseii
Anxiety	Kraftionema allantoideum
Anxiety	Tomophagus cattienensis
Anxiety	Salvia sclarea
Anxiety	Pinellia
Anxiety	Cortinarius talimultiformis
Anxiety	Podoscypha parvula
Anxiety	Piper methysticum
Anxiety	Brassica napus
Anxiety	Aa
Anxiety	Cortinarius walkeri
Anxiety	Crocus sativus
Anxiety	Nerium oleander
Anxiety Disorders	Pleioblastus amarus
Anxiety Disorders	Oenanthe javanica
Anxiety Disorders	Cannabis
Anxiety Disorders	Nicotiana tabacum
Anxiety Disorders	Piper methysticum
Anxiety Disorders	Crataegus rhipidophylla
Anxiety Disorders	Centella asiatica
Anxiety Disorders	Melissa officinalis
Anxiety Disorders	Catha edulis
Anxiety Disorders	Marasmius calvocystidiatus
Anxiety Disorders	Cannabis sativa
Sense of smell impaired	Mentha x piperita
Sense of smell impaired	Inocybe favrei
Sense of smell impaired	Prunus persica
Sense of smell impaired	Cuviera semseii
Fatigue	Panax quinquefolius
Fatigue	Polygala fallax
Fatigue	Atractylodes lancea
Fatigue	Atractylodes chinensis
Fatigue	Atractylodes japonica
Fatigue	Nyctereutes procyonoides koreensis
Fatigue	Martes
Fatigue	Martes zibellina
Fatigue	Rehmannia glutinosa
Fatigue	Carpinus coreana
Fatigue	Canis lupus familiaris
Fatigue	Car
Fatigue	Vulpes vulpes
Fatigue	Ganoderma lucidum
Fatigue	Aria
Fatigue	Nicotiana tabacum
Fatigue	Cannabis sativa
Fatigue	Phleum pratense
Fatigue	Medicago sativa
Fatigue	Cyamopsis tetragonoloba
Fatigue	Tomophagus cattienensis
Fatigue	Osa
Fatigue	Amanita glarea
Fatigue	Camellia sinensis
Fatigue	Angelica dahurica
Fatigue	Ekimia ozcan-secmenii
Fatigue	Solanum lycopersicum
Fatigue	Fomitiporia expansa
Fatigue	Nelumbo nucifera
Fatigue	Haematococcus lacustris
Fatigue	Triticum aestivum
Fatigue	Coix
Fatigue	Trigonella foenum-graecum
Fatigue	Alternanthera sessilis
Fatigue	Oncophorus integerrimus
Fatigue	Panax ginseng
Fatigue	Betula
Fatigue	Alnus
Fatigue	Rhodiola rosea
Fatigue	Serendipita herbamans
Fatigue	Manihot esculenta
Pain	Trillium tschonoskii
Pain	Gelsemium elegans
Pain	Hemiphragma heterophyllum
Pain	Alangium kurzii
Pain	Ephedra sinica
Pain	Liquidambar formosana
Pain	Tinospora sinensis
Pain	Desmos cochinchinensis
Pain	Viscum articulatum
Pain	Croomia japonica
Pain	Saussurea japonica
Pain	Peperomia pellucida
Pain	Apis cerana
Pain	Euscaphis japonica
Pain	Campylotropis hirtella
Pain	Cyclea tonkinensis
Pain	Justicia adhatoda
Pain	Eurya japonica
Pain	Dolomiaea denticulata
Pain	Litchi chinensis
Pain	Sabia swinhoei
Pain	Mucuna sempervirens
Pain	Salvia bowleyana
Pain	Ajuga forrestii
Pain	Aconitum kusnezoffii
Pain	Lysimachia candida
Pain	Paris polyphylla
Pain	Fissistigma polyanthum
Pain	Solanum aculeatissimum
Pain	Cymbopogon distans
Pain	Aloe arborescens var. natalensis
Pain	Callerya cinerea
Pain	Piper cubeba
Pain	Incarvillea sinensis
Pain	Illicium henryi
Pain	Ardisia crispa
Pain	Schefflera venulosa
Pain	Murraya paniculata
Pain	Impatiens balsamina
Pain	Litchi chinensis
Pain	Sargassum
Pain	Taxillus yadoriki
Pain	Isa
Pain	Aconitum triphyllum
Pain	Aconitum chiisanense
Pain	Aconitum delavayi
Pain	Aconitum vilmorinianum
Pain	Aconitum
Pain	Zanthoxylum piperitum
Pain	Zanthoxylum coreanum
Pain	Zanthoxylum planispinum
Pain	Zanthoxylum simulans
Pain	Piper longum
Pain	Syzygium aromaticum
Pain	Zanthoxylum bungeanum
Pain	Dipsacus asper
Pain	Terminalia chebula
Pain	Angelica dahurica
Pain	Gyps
Pain	Angelica sinensis
Pain	Tabanus
Pain	Cinnamomum aromaticum
Pain	Aconitum carmichaelii
Pain	Zanthoxylum schinifolium
Pain	Lindera glauca
Pain	Zingiber officinale
Pain	Centipeda minima
Pain	Phellinus igniarius
Pain	Rhus chinensis
Pain	Oenothera odorata
Pain	Bidens parviflora
Pain	Radix
Pain	Carthamus tinctorius
Pain	Equisetum arvense
Pain	Zinnia elegans
Pain	Disporum viridescens
Pain	Ardisia japonica
Pain	Tripterygium hypoglaucum
Pain	Alangium platanifolium
Pain	Kalopanax septemlobus
Pain	Coix lacryma-jobi
Pain	Felis
Pain	Buxus microphylla
Pain	Ischnoderma benzoinum
Pain	Piper longum
Pain	Salvia
Pain	Ara
Pain	Ora
Pain	Zingiber officinale
Pain	Trigonella
Pain	Bombyx
Pain	Apha
Pain	Hordeum vulgare
Pain	Parga
Pain	Styrax
Pain	Pan
Pain	Ebo
Pain	Foeniculum vulgare
Pain	Iti
Pain	Tacca plantaginea
Pain	Symplocos chinensis
Pain	Asplenium prolongatum
Pain	Physalis peruviana
Pain	Magnolia coco
Pain	Iris dichotoma
Pain	Nicotiana tabacum
Pain	Rubus hirsutus
Pain	Celastrus orbiculatus
Pain	Corydalis ophiocarpa
Pain	Sinomenium acutum
Pain	Dennstaedtia scabra
Pain	Goniophlebium niponicum
Pain	Citrus sinensis
Pain	Corydalis taliensis
Pain	Sassafras tzumu
Pain	Ophioglossum vulgatum
Pain	Lysimachia foenum-graecum
Pain	Ericerus pela
Pain	Myrsine africana
Pain	Papaver commutatum
Pain	Datura metel
Pain	Ara
Pain	Plumbago zeylanica
Pain	Rhododendron mariae
Pain	Rosa chinensis
Pain	Siphonostegia chinensis
Pain	Pyrola calliantha
Pain	Callerya nitida
Pain	Smilax glaucochina
Pain	Strychnos nux-vomica
Pain	Libanotis condensata
Pain	Salvia roborowskii
Pain	Morina chinensis
Pain	Cyprinus carpio
Pain	Radix
Pain	Seseli
Pain	Tephrosia purpurea
Pain	Zanthoxylum ailanthoides
Pain	Lindera obtusiloba
Pain	Trillium
Pain	Boerhavia diffusa
Pain	Lysionotus pauciflorus
Pain	Inula helenium
Pain	Ardisia pusilla
Pain	Hovenia dulcis
Pain	Tetradium glabrifolium
Pain	Geranium wilfordii
Pain	Sium latifolium
Pain	Cyclea barbata
Pain	Lysidice rhodostegia
Pain	Pentarhizidium orientale
Pain	Takifugu ocellatus
Pain	Smilax china
Pain	Clematis terniflora
Pain	Dracaena cochinchinensis
Pain	Psammosilene tunicoides
Pain	Peganum harmala
Pain	Chrysanthemum indicum
Pain	Corallodiscus flabellatus
Pain	Viverra zibetha
Pain	Aconitum chasmanthum
Pain	Paederia scandens
Pain	Aspidistra elatior
Pain	Saussurea involucrata
Pain	Apis mellifera ligustica
Pain	Fissistigma oldhamii
Pain	Chloranthus serratus
Pain	Cinnamomum insularimontanum
Pain	Diphasiastrum complanatum
Pain	Pleurolobus gangeticus
Pain	Pterocarya stenoptera
Pain	Sorbaria sorbifolia
Pain	Dioscorea tenuipes
Pain	Abies nephrolepis
Pain	Gypsophila acutifolia
Pain	Zanthoxylum armatum
Pain	Machilus thunbergii
Pain	Cinnamomum camphora
Pain	Aconitum kirinense
Pain	Piper sarmentosum
Pain	Persicaria viscosa
Pain	Dryobalanops aromatica
Pain	Prunus persica
Pain	Delphinus delphis
Pain	Aconitum sungpanense
Pain	Lindera glauca
Pain	Monachosorum flagellare
Pain	Peucedanum morisonii
Pain	Salix babylonica
Pain	Cocculus trilobus
Pain	Atalantia buxifolia
Pain	Aristolochia kaempferi
Pain	Picria felterrae
Pain	Ilex pedunculosa
Pain	Stephania delavayi
Pain	Litsea euosma
Pain	Thespesia populnea
Pain	Spinulum annotinum
Pain	Menyanthes trifoliata
Pain	Morella esculenta
Pain	Akebia quinata
Pain	Zanthoxylum acanthopodium
Pain	Eschscholzia californica
Pain	Euryale ferox
Pain	Broussonetia kazinoki
Pain	Angelica acutiloba
Pain	Davallia divaricata
Pain	Chloranthus spicatus
Pain	Aristolochia fangchi
Pain	Podocarpus macrophyllus
Pain	Elaeis guineensis
Pain	Hedychium spicatum
Pain	Malus asiatica
Pain	Ficus hispida
Pain	Dioscorea futschauensis
Pain	Hypecoum erectum
Pain	Chaenomeles speciosa
Pain	Vitis vinifera
Pain	Harpagophytum procumbens
Pain	Lysimachia capillipes
Pain	Hypericum patulum
Pain	Equisetum sylvaticum
Pain	Piper wallichii
Pain	Scilla scilloides
Pain	Photinia parvifolia
Pain	Carthamus tinctorius
Pain	Citrus limon
Pain	Melia azedarach var. toosendan
Pain	Sapindus mukorossi
Pain	Swertia patens
Pain	Angelica sinensis
Pain	Aconitum polyschistum
Pain	Periploca forrestii
Pain	Daphne odora
Pain	Helianthus tuberosus
Pain	Corydalis pallida
Pain	Piper puberulum
Pain	Angelica polymorpha
Pain	Dregea sinensis
Pain	Clematis chinensis
Pain	Periploca calophylla
Pain	Celastrus paniculatus
Pain	Sambucus williamsii
Pain	Cycas revoluta
Pain	Magnolia champaca
Pain	Isodon rubescens
Pain	Phlomis umbrosa
Pain	Solanum torvum
Pain	Bauhinia championii
Pain	Rosa rugosa
Pain	Matricaria chamomilla
Pain	Buglossoides arvensis
Pain	Cynanchum otophyllum
Pain	Solanum dulcamara
Pain	Selaginella doederleinii
Pain	Justicia procumbens
Pain	Ventilago leiocarpa
Pain	Iris japonica
Pain	Zanthoxylum simulans
Pain	Chelidonium majus
Pain	Arctium lappa
Pain	Plumbago indica
Pain	Pelargonium graveolens
Pain	Juniperus sabina
Pain	Aconitum brachypodum
Pain	Euonymus maackii
Pain	Photinia serratifolia
Pain	Cinnamomum glanduliferum
Pain	Aesculus chinensis var. wilsonii
Pain	Aralia elata
Pain	Brassica juncea
Pain	Euonymus phellomanus
Pain	Marsdenia oreophila
Pain	Ami
Pain	Cyperus iria
Pain	Delphinium omeiense
Pain	Peganum nigellastrum
Pain	Primula obconica
Pain	Epimedium brevicornu
Pain	Desmodium
Pain	Daphne tangutica
Pain	Boehmeria siamensis
Pain	Piper longum
Pain	Gnetum parvifolium
Pain	Marchantia polymorpha
Pain	Corynandra viscosa
Pain	Lamium barbatum
Pain	Dioscorea althaeoides
Pain	Platycladus orientalis
Pain	Pothos chinensis
Pain	Firmiana simplex
Pain	Actinidia arguta
Pain	Laurus nobilis
Pain	Illicium verum
Pain	Micromelum integerrimum
Pain	Ligusticum sinense
Pain	Salvia rosmarinus
Pain	Ranunculus sceleratus
Pain	Convolvulus arvensis
Pain	Ophiorrhiza japonica
Pain	Cissampelos pareira
Pain	Asclepias curassavica
Pain	Casuarina equisetifolia
Pain	Erycibe obtusifolia
Pain	Isodon walkeri
Pain	Cyclea racemosa
Pain	Hylomecon japonica
Pain	Betula luminifera
Pain	Toddalia asiatica
Pain	Schisandra henryi
Pain	Boschniakia rossica
Pain	Symplocos caudata
Pain	Kadsura interior
Pain	Anemone altaica
Pain	Rorippa indica
Pain	Selaginella uncinata
Pain	Ilex pubescens
Pain	Conioselinum vaginatum
Pain	Osmanthus fragrans
Pain	Coniogramme japonica
Pain	Acanthus ilicifolius
Pain	Jacobaea cannabifolia
Pain	Psidium guajava
Pain	Clitoria ternatea
Pain	Alyxia sinensis
Pain	Meeboldia yunnanensis
Pain	Melia azedarach
Pain	Atropa belladonna
Pain	Wisteria sinensis
Pain	Lactarius piperatus
Pain	Guilandina crista
Pain	Erythrina variegata
Pain	Phlegmariurus fordii
Pain	Ocimum basilicum
Pain	Periploca sepium
Pain	Zanthoxylum echinocarpum
Pain	Stephania dielsiana
Pain	Spiraea prunifolia
Pain	Psychotria serpens
Pain	Litsea cubeba
Pain	Aristolochia debilis
Pain	Orobanche coerulescens
Pain	Stephania dicentrinifera
Pain	Picea koraiensis
Pain	Menispermum dauricum
Pain	Dregea volubilis
Pain	Kadsura coccinea
Pain	Parthenocissus tricuspidata
Pain	Orixa japonica
Pain	Stauntonia hexaphylla
Pain	Fissistigma glaucescens
Pain	Bidens bipinnata
Pain	Carum carvi
Pain	Asarum forbesii
Pain	Bretschneidera sinensis
Pain	Kalopanax septemlobus
Pain	Potentilla anserina
Pain	Clausena excavata
Pain	Holboellia fargesii
Pain	Stephania hernandifolia
Pain	Celastrus angulatus
Pain	Valeriana hardwickii
Pain	Corydalis adunca
Pain	Heracleum rapula
Pain	Alhagi maurorum
Pain	Hymenocallis littoralis
Pain	Ficus pumila
Pain	Macleaya cordata
Pain	Ilex cornuta
Pain	Scolopendra subspinipes
Pain	Alsophila spinulosa
Pain	Crotalaria sessiliflora
Pain	Peucedanum japonicum
Pain	Delphinium tatsienense
Pain	Angelica anomala
Pain	Lepisorus ussuriensis
Pain	Asarum sieboldii
Pain	Schisandra lancifolia
Pain	Polygala fallax
Pain	Aconitum nagarum var. heterotrichum
Pain	Smilax sieboldii
Pain	Oxalis acetosella
Pain	Corydalis yanhusuo
Pain	Gymnema sylvestre
Pain	Paeonia lactiflora
Pain	Aconitum forrestii
Pain	Davallia mariesii
Pain	Trachelospermum jasminoides
Pain	Osbeckia chinensis
Pain	Schisandra propinqua
Pain	Lindera megaphylla
Pain	Rhododendron molle
Pain	Juglans regia
Pain	Glaucium fimbrilligerum
Pain	Dioscorea panthaica
Pain	Fallopia multiflora
Pain	Zanthoxylum bungeanum
Pain	Thelephora vialis
Pain	Anisomeles indica
Pain	Euonymus japonicus
Pain	Psilotum nudum
Pain	Cyanotis arachnoidea
Pain	Viscum coloratum
Pain	Xanthium sibiricum
Pain	Delphinium
Pain	Gymnaconitum gymnandrum
Pain	Neocheiropteris fortunei
Pain	Aconitum coreanum
Pain	Vitex trifolia
Pain	Litsea glutinosa
Pain	Micromelum falcatum
Pain	Ficus simplicissima
Pain	Sophora alopecuroides
Pain	Iris tectorum
Pain	Nauclea officinalis
Pain	Aralia cordata
Pain	Lysimachia paridiformis
Pain	Hyoscyamus niger
Pain	Isodon rosthornii
Pain	Capsicum annuum
Pain	Ixora chinensis
Pain	Pterocarpus indicus
Pain	Citrus reticulata
Pain	Aconitum finetianum
Pain	Euphorbia pulcherrima
Pain	Stauntonia chinensis
Pain	Woodfordia fruticosa
Pain	Tripterygium wilfordii
Pain	Dicranopteris pedata
Pain	Skimmia reevesiana
Pain	Alangium chinense
Pain	Ardisia quinquegona
Pain	Metasequoia glyptostroboides
Pain	Formica fusca
Pain	Prunus pseudocerasus
Pain	Chloranthus japonicus
Pain	Celastrus flagellaris
Pain	Populus adenopoda
Pain	Argemone mexicana
Pain	Dalbergia odorifera
Pain	Trachyspermum ammi
Pain	Angelica pubescens
Pain	Leptochilus pothifolius
Pain	Ilex rotunda
Pain	Stephania brachyandra
Pain	Citrus trifoliata
Pain	Actinidia polygama
Pain	Taxillus
Pain	Piper hancei
Pain	Causonis japonica
Pain	Ageratum conyzoides
Pain	Biancaea sappan
Pain	Thlaspi arvense
Pain	Cypripedium
Pain	Vitex negundo
Pain	Dahlia pinnata
Pain	Bulbophyllum odoratissimum
Pain	Dioscorea cirrhosa
Pain	Stephania succifera
Pain	Stephania tetrandra
Pain	Orthosiphon wulfenioides
Pain	Solanum virginianum
Pain	Eucalyptus globulus
Pain	Gynochthodes parvifolia
Pain	Corydalis remota
Pain	Commiphora myrrha
Pain	Lycopodiastrum casuarinoides
Pain	Stephania japonica
Pain	Xanthoceras sorbifolium
Pain	Hansenia weberbaueriana
Pain	Lygodium japonicum
Pain	Aconitum delavayi
Pain	Pleurospermum rivulorum
Pain	Kopsia officinalis
Pain	Pholidota yunnanensis
Pain	Crinum latifolium
Pain	Gynandropsis gynandra
Pain	Chaenomeles sinensis
Pain	Crossostephium chinense
Pain	Phallus impudicus
Pain	Gynura segetum
Pain	Conocephalum conicum
Pain	Erythrina arborescens
Pain	Meconopsis horridula
Pain	Dioscorea septemloba
Pain	Achillea alpina
Pain	Pericampylus glaucus
Pain	Dioscorea collettii
Pain	Dioscorea collettii var. hypoglauca
Pain	Libanotis buchtormensis
Pain	Rodgersia pinnata
Pain	Dolomiaea souliei
Pain	Dendrolycopodium obscurum
Pain	Lamprocapnos spectabilis
Pain	Curcuma zedoaria
Pain	Ricinus communis
Pain	Sabia schumanniana
Pain	Sophora viciifolia
Pain	Cuminum cyminum
Pain	Lagerstroemia indica
Pain	Delphinium grandiflorum
Pain	Hypericum sampsonii
Pain	Osmorhiza aristata
Pain	Nerium oleander
Pain	Saussurea costus
Pain	Cymbopogon goeringii
Pain	Toxicodendron vernicifluum
Pain	Clerodendrum trichotomum
Pain	Gardenia jasminoides
Pain	Dioscorea zingiberensis
Pain	Anemone raddeana
Pain	Piper mullesua
Pain	Acronychia pedunculata
Pain	Veratrilla baillonii
Pain	Jatropha curcas
Pain	Tetracera asiatica
Pain	Blainvillea acmella
Pain	Euonymus alatus
Pain	Dryopteris chrysocoma
Pain	Hypericum japonicum
Pain	Cyathula capitata
Pain	Acorus calamus
Pain	Eleutherococcus giraldii
Pain	Paratinospora sagittata
Pain	Ficus microcarpa
Pain	Styrax benzoin
Pain	Monachosorum henryi
Pain	Armillaria mellea
Pain	Zanthoxylum planispinum
Pain	Cicuta virosa
Pain	Meconopsis punicea
Pain	Erigeron breviscapus
Pain	Molineria capitulata
Pain	Lindera umbellata
Pain	Selaginella stauntoniana
Pain	Elaeagnus angustifolia
Pain	Liquidambar orientalis
Pain	Sarcandra glabra
Pain	Kadsura heteroclita
Pain	Angelica brevicaulis
Pain	Diphylleia sinensis
Pain	Lindera angustifolia
Pain	Aconitum hemsleyanum
Pain	Kaempferia galanga
Pain	Sigesbeckia orientalis
Pain	Adina pilulifera
Pain	Dysosma difformis
Pain	Bombyx mori
Pain	Fomitopsis officinalis
Pain	Ardisia crenata
Pain	Primula malacoides
Pain	Iphigenia indica
Pain	Abrus fruticulosus
Pain	Galium verum
Pain	Jasminum sambac
Pain	Cibotium barometz
Pain	Persicaria hydropiper
Pain	Dysosma pleiantha
Pain	Stephania sinica
Pain	Mesosphaerum suaveolens
Pain	Schisandra rubriflora
Pain	Aconitum sinomontanum
Pain	Aristolochia moupinensis
Pain	Geranium robertianum
Pain	Alpinia officinarum
Pain	Buddleja davidii
Pain	Aconitum umbrosum
Pain	Teucrium quadrifarium
Pain	Hemsleya amabilis
Pain	Maclura cochinchinensis
Pain	Adiantum philippense
Pain	Millettia pachycarpa
Pain	Stephania longa
Pain	Hypericum erectum
Pain	Scopolia japonica
Pain	Aconitum pendulum
Pain	Trollius chinensis
Pain	Momordica cochinchinensis
Pain	Alpinia galanga
Pain	Ligusticum chuanxiong
Pain	Rosa cymosa
Pain	Cullen corylifolium
Pain	Alpinia chinensis
Pain	Dysphania ambrosioides
Pain	Vicia amoena
Pain	Parameria laevigata
Pain	Impatiens
Pain	Litsea verticillata
Pain	Curcuma longa
Pain	Grevillea robusta
Pain	Zanthoxylum dissitum
Pain	Scutellaria indica
Pain	Ficus fistulosa
Pain	Aristolochia manshuriensis
Pain	Gossypium herbaceum
Pain	Deeringia amaranthoides
Pain	Pyrus pashia
Pain	Tacca chantrieri
Pain	Citrus junos
Pain	Veronicastrum sibiricum
Pain	Valeriana officinalis
Pain	Illicium difengpi
Pain	Heracleum hemsleyanum
Pain	Thunbergia grandiflora
Pain	Acorus tatarinowii
Pain	Gymnadenia conopsea
Pain	Vincetoxicum pycnostelma
Pain	Piper laetispicum
Pain	Pinus massoniana
Pain	Anisodus luridus
Pain	Isodon amethystoides
Pain	Artemisia argyi
Pain	Corymbia citriodora
Pain	Anemone rivularis
Pain	Clausena lansium
Pain	Stephania elegans
Pain	Fordia cauliflora
Pain	Papaver nudicaule
Pain	Cassia fistula
Pain	Tabanus
Pain	Hunteria zeylanica
Pain	Nicandra physalodes
Pain	Flemingia philippinensis
Pain	Lindera chunii
Pain	Viburnum luzonicum
Pain	Corydalis decumbens
Pain	Polygonum suffultum
Pain	Gentiana macrophylla
Pain	Glechoma longituba
Pain	Polypodium vulgare
Pain	Tetrapanax papyrifer
Pain	Rubia yunnanensis
Pain	Catalpa ovata
Pain	Kerria japonica
Pain	Rhododendron micranthum
Pain	Volkameria inermis
Pain	Aconitum carmichaelii
Pain	Actaea japonica
Pain	Ajuga nipponensis
Pain	Foeniculum vulgare
Pain	Hydrangea chinensis
Pain	Blumea balsamifera
Pain	Corydalis incisa
Pain	Murraya euchrestifolia
Pain	Koenigia polystachya
Pain	Solanum melongena
Pain	Przewalskia tangutica
Pain	Viscum multinerve
Pain	Ranunculus japonicus
Pain	Paulownia fortunei
Pain	Ardisia mamillata
Pain	Anisodus tanguticus
Pain	Urena lobata
Pain	Equisetum palustre
Pain	Lindera aggregata
Pain	Aralia armata
Pain	Arthromeris mairei
Pain	Sterculia foetida
Pain	Aquilaria agallochum
Pain	Speranskia tuberculata
Pain	Dianella ensifolia
Pain	Jasminum grandiflorum
Pain	Magnolia grandiflora
Pain	Aconitum barbatum
Pain	Arenaria kansuensis
Pain	Lygodium flexuosum
Pain	Sanguisorba officinalis
Pain	Glycyrrhiza uralensis
Pain	Prunus salicina
Pain	Cryptolepis sinensis
Pain	Persicaria lapathifolia
Pain	Erigeron sumatrensis
Pain	Hedychium coronarium
Pain	Papaver somniferum
Pain	Medicago falcata
Pain	Lamium amplexicaule
Pain	Ficus carica
Pain	Dipsacus asperoides
Pain	Crotalaria tetragona
Pain	Cornus controversa
Pain	Callicarpa macrophylla
Pain	Eucalyptus robusta
Pain	Shiraia bambusicola
Pain	Huperzia selago
Pain	Veronica persica
Pain	Zanthoxylum myriacanthum
Pain	Aristolochia tuberosa
Pain	Ligularia fischeri
Pain	Uca
Pain	Persicaria thunbergii
Pain	Sargentodoxa cuneata
Pain	Aristolochia heterophylla
Pain	Aconitum geniculatum
Pain	Pteris vittata
Pain	Myrica nagi
Pain	Erycibe
Pain	Urtica cannabina
Pain	Aristolochia mollissima
Pain	Piper kadsura
Pain	Conyza bonariensis
Pain	Clerodendrum bungei
Pain	Crepidiastrum sonchifolium
Pain	Achillea millefolium
Pain	Helicteres isora
Pain	Angelica dahurica
Pain	Salvia miltiorrhiza
Pain	Trigonella caerulea
Pain	Saussurea pulchella
Pain	Passiflora caerulea
Pain	Zanthoxylum nitidum
Pain	Flemingia strobilifera
Pain	Asarum caulescens
Pain	Syzygium buxifolium
Pain	Lyonia ovalifolia
Pain	Cnidium monnieri
Pain	Viburnum odoratissimum
Pain	Rubus cochinchinensis
Pain	Biebersteinia heterostemon
Pain	Entada phaseoloides
Pain	Calophyllum inophyllum
Pain	Dioscorea nipponica
Pain	Pratia nummularia
Pain	Cocculus laurifolius
Pain	Microlepia marginata
Pain	Silene baccifera
Pain	Cyperus rotundus
Pain	Asarum sagittarioides
Pain	Cinnamomum aromaticum
Pain	Strychnos angustiflora
Pain	Dicranostigma franchetianum
Pain	Asarum maximum
Pain	Beaumontia grandiflora
Pain	Sedum bulbiferum
Pain	Ceratostigma minus
Pain	Rhodiola kirilowii
Pain	Coptis chinensis
Pain	Eleutherococcus gracilistylus
Pain	Hordeum vulgare
Pain	Nardostachys jatamansi
Pain	Ligularia lapathifolia
Pain	Begonia limprichtii
Pain	Alocasia cucullata
Pain	Piper boehmeriifolium
Pain	Aconitum kongboense
Pain	Manis pentadactyla
Pain	Morella rubra
Pain	Berchemia polyphylla var. leioclada
Pain	Onychium lucidum
Pain	Damnacanthus indicus
Pain	Cocos nucifera
Pain	Juniperus rigida
Pain	Saposhnikovia divaricata
Pain	Strychnos ignatii
Pain	Panax major
Pain	Pittosporum tobira
Pain	Sparganium stoloniferum
Pain	Claviceps purpurea
Pain	Achillea wilsoniana
Pain	Polygala arillata
Pain	Salvia flava
Pain	Tetradium ruticarpum
Pain	Azolla imbricata
Pain	Odontites vernus subsp. serotinus
Pain	Mesobuthus martensii
Pain	Incarvillea arguta
Pain	Cinnamomum tamala
Pain	Tricholoma matsutake
Pain	Duranta erecta
Pain	Lycogala epidendrum
Pain	Ampelopsis japonica
Pain	Panax japonicus var. bipinnatifidus
Pain	Piper retrofractum
Pain	Phlomis mongolica
Pain	Liriodendron tulipifera
Pain	Ceratostigma willmottianum
Pain	Phlegmariurus phlegmaria
Pain	Sida acuta
Pain	Rhododendron simsii
Pain	Cymbopogon citratus
Pain	Sarcococca coriacea
Pain	Nandina domestica
Pain	Helleborus thibetanus
Pain	Anemone flaccida
Pain	Cinnamomum bejolghota
Pain	Allium victorialis
Pain	Biancaea decapetala
Pain	Phlomoides rotata
Pain	Aristolochia tubiflora
Pain	Anredera cordifolia
Pain	Passiflora edulis
Pain	Viscum album
Pain	Diphasiastrum alpinum
Pain	Schefflera arboricola
Pain	Derris trifoliata
Pain	Artemisia anomala
Pain	Rohdea chinensis
Pain	Parmelia saxatilis
Pain	Brandisia hancei
Pain	Ligusticum tenuissimum
Pain	Ligusticum sinense
Pain	Ligusticum jeholense
Pain	Rubia akane
Pain	Rubia chinensis
Pain	Rubia cordifolia
Pain	Polygonum cuspidatum
Pain	Reynoutria japonica
Pain	Fallopia sachalinensis
Pain	Morus alba
Pain	Sparganium stoloniferum
Pain	Sparganium erectum
Pain	Angelica pubescens
Pain	Aralia cordata
Pain	Heracleum hemsleyanum
Pain	Heracleum moellendorffii
Pain	Dioscorea tokoro
Pain	Dioscorea septemloba
Pain	Dioscorea collettii var. hypoglauca
Pain	Paeonia suffruticosa
Pain	Paeonia szechuanica
Pain	Ira
Pain	Bupleurum falcatum
Pain	Bupleurum chinense
Pain	Enterobacter quasihormaechei
Pain	Bupleurum euphorbioides
Pain	Bupleurum latissimum
Pain	Bupleurum longiradiatum
Pain	Prunus mandshurica
Pain	Trichosanthes kirilowii
Pain	Trichosanthes cucumeroides
Pain	Trichosanthes bracteata
Pain	Trichosanthes truncata
Pain	Allium tuberosum
Pain	Xylotrupes
Pain	Citrus aurantium
Pain	Citrus trifoliata
Pain	Glycine max
Pain	Citrus sinensis
Pain	Citrus natsudaidai
Pain	Luffa
Pain	Hansenia weberbaueriana
Pain	Hansenia forbesii
Pain	Angelica japonica
Pain	Accipiter gentilis
Pain	Saposhnikovia divaricata
Pain	Coptis japonica
Pain	Coptis chinensis
Pain	Coptis deltoidea
Pain	Echinops setifer
Pain	Rhaponticum uniflorum
Pain	Echinops latifolius
Pain	Gypsophila vaccaria
Pain	Silene repens
Pain	Cnidium officinale
Pain	Ligusticum chuanxiong
Pain	Ligusticum striatum
Pain	Cocculus trilobus
Pain	Myrrha
Pain	Sinomenium acutum
Pain	Stephania tetrandra
Pain	Aristolochia fangchi
Pain	Agkistrodon
Pain	Taxillus chinensis
Pain	Korthalsella japonica
Pain	Loranthus tanakae
Pain	Viscum album
Pain	Quercus acutissima
Pain	Epimedium koreanum
Pain	Asarum sieboldii
Pain	Asarum heterotropoides
Pain	Asarum maculatum
Pain	Cis
Pain	Clematis manshurica
Pain	Clematis chinensis
Pain	Clematis hexapetala
Pain	Clematis brachyura
Pain	Clematis florida
Pain	Clematis patens
Pain	Clematis terniflora
Pain	Epimedium pubescens
Pain	Epimedium brevicornu
Pain	Epimedium sagittatum
Pain	Epimedium wushanense
Pain	Tamarix chinensis
Pain	Atractylodes lancea
Pain	Gentiana macrophylla
Pain	Gentiana crassicaulis
Pain	Gentiana dahurica
Pain	Gentiana straminea
Pain	Atractylodes chinensis
Pain	Atractylodes japonica
Pain	Angelica polymorpha
Pain	Manis pentadactyla
Pain	Fer
Pain	Clerodendrum trichotomum
Pain	Gynochthodes officinalis
Pain	Erythrina variegata
Pain	Panthera tigris
Pain	Sigesbeckia orientalis
Pain	Sigesbeckia glabrescens
Pain	Bungarus
Pain	Microhyla pulchra
Pain	Pelecanus onocrotalus
Pain	Ptyas korros
Pain	Grus japonensis
Pain	Neocheiropteris fortunei
Pain	Vincetoxicum pycnostelma
Pain	Curcuma zedoaria
Pain	Curcuma kwangsiensis
Pain	Curcuma wenyujin
Pain	Curcuma phaeocaulis
Pain	Albizia julibrissin
Pain	Albizia kalkora
Pain	Allium taquetii
Pain	Acaronychoidea
Pain	Aconitum ciliare
Pain	Aconitum kusnezoffii
Pain	Tetrapanax papyrifer
Pain	Lophatherum gracile
Pain	Phyllostachys nigra
Pain	Lopha
Pain	Dipsacus japonicus
Pain	Phlomis umbrosa
Pain	Lamium album
Pain	Cibotium barometz
Pain	Lysimachia christinae
Pain	Chaenomeles sinensis
Pain	Chaenomeles speciosa
Pain	Chaenomeles cathayensis
Pain	Chaenomeles japonica
Pain	Tetramorium mogwai
Pain	Car
Pain	Hypophthalmichthys nobilis
Pain	Piper nigrum
Pain	Carpinus coreana
Pain	Curcuma aromatica
Pain	Sinapis alba
Pain	Brassica juncea
Pain	Brassica rapa subsp. oleifera
Pain	Apis cerana
Pain	Apis mellifera
Pain	Aconitum alboviolaceum
Pain	Curcuma longa
Pain	Spatholobus suberectus
Pain	Angelica gigas
Pain	Angelica acutiloba
Pain	Pueraria montana var. lobata
Pain	Pueraria montana var. thomsonii
Pain	Bunga
Pain	Cinnamomum camphora
Pain	Cinnamomum loureiroi
Pain	Ephedra sinica
Pain	Ephedra intermedia
Pain	Ephedra equisetina
Pain	Polygonatum sibiricum
Pain	Polygonatum stenophyllum
Pain	Polygonatum kingianum
Pain	Polygonatum cyrtonema
Pain	Polygonatum falcatum
Pain	Polygonatum lasianthum
Pain	Polygona
Pain	Glycyrrhiza squamulosa
Pain	Ostericum citriodorum
Pain	Heracleum rapula
Pain	Akebia quinata
Pain	Aristolochia manshuriensis
Pain	Clematis armandii
Pain	Akebia trifoliata
Pain	Clematis montana
Pain	Cuculus poliocephalus
Pain	Tadorna ferruginea
Pain	Francolinus pintadeanus
Pain	Gallus gallus
Pain	Curcuma aeruginosa
Pain	Auricularia auricula-judae
Pain	Apha
Pain	Mactra quadrangularis
Pain	Solanum melongena
Pain	Carpesium abrotanoides
Pain	Catharsius molossus
Pain	Upis
Pain	Dianthus chinensis
Pain	Dianthus superbus
Pain	Diospyros kaki
Pain	Bombyx mori
Pain	Crepidiastrum denticulatum
Pain	Ixeridium dentatum
Pain	Ixeris stolonifera
Pain	Sonchus oleraceus
Pain	Lycium chinense
Pain	Apium graveolens
Pain	Oniscus
Pain	Pyrrosia lingua
Pain	Pyrrosia petiolosa
Pain	Pyrrosia sheareri
Pain	Cephalonoplos segetum
Pain	Cirsium setosum
Pain	Cephalonoplos
Pain	Paeonia lactiflora
Pain	Paeonia obovata
Pain	Paeonia veitchii
Pain	Lygodium japonicum
Pain	Vincetoxicum atratum
Pain	Vincetoxicum versicolor
Pain	Vincetoxicum japonicum
Pain	Androsace umbellata
Pain	Gypsophila oldhamiana
Pain	Stellaria dichotoma
Pain	Stellaria media
Pain	Salvia miltiorrhiza
Pain	Salvia przewalskii
Pain	Salvia yunnanensis
Pain	Verbena officinalis
Pain	Euphorbia lathyris
Pain	Hippocampus coronatus
Pain	Hippocampus kelloggi
Pain	Hippocampus histrix
Pain	Hippocampus kuda
Pain	Hippocampus japonicus
Pain	Hippocampus trimaculatus
Pain	Ursus thibetanus
Pain	Boswellia neglecta
Pain	Styphnolobium japonicum
Pain	Persicaria hydropiper
Pain	Euonymus oxyphyllus
Pain	Artemisia keiskeana
Pain	Blumea balsamifera
Pain	Aconitum racemulosum
Pain	Oenothera lamarckiana
Pain	Aegonychon zollingeri
Pain	Parmelia
Pain	Sticta
Pain	Usnea longissima
Pain	Veronicastrum sibiricum
Pain	Rhododendron molle
Pain	Stephania japonica
Pain	Geum japonicum
Pain	Benincasa hispida
Pain	Fallopia multiflora
Pain	Stauntonia hexaphylla
Pain	Datura metel
Pain	Iris pallasii
Pain	Rhododendron yedoense
Pain	Valeriana amurensis
Pain	Aconitum umbrosum
Pain	Thesium chinense
Pain	Kaempferia galanga
Pain	Oxalis corniculata
Pain	Apriona germari
Pain	Hedera rhombea
Pain	Ora
Pain	Nicotiana tabacum
Pain	Rosa multiflora
Pain	Actinidia polygama
Pain	Momordica cochinchinensis
Pain	Nerium oleander
Pain	Cryptotaenia japonica
Pain	Galium spurium
Pain	Geranium dahuricum
Pain	Aka
Pain	Euscaphis japonica
Pain	Aconitum napiforme
Pain	Brassica rapa
Pain	Datura stramonium
Pain	Iris lactea
Pain	Vulpes vulpes
Pain	Crataegus pinnatifida
Pain	Eleusine indica
Pain	Arctium lappa
Pain	Pyrola japonica
Pain	Maianthemum japonicum
Pain	Oryza sativa
Pain	Pinus densiflora
Pain	Vitis vinifera
Pain	Scutellaria barbata
Pain	Portulaca grandiflora
Pain	Sedum oryzifolium
Pain	Persicaria orientalis
Pain	Thlaspi arvense
Pain	Oenothera laciniata
Pain	Achillea millefolium
Pain	Ovis aries
Pain	Artemisia sieversiana
Pain	Tetragonia tetragonoides
Pain	Ficus pumila
Pain	Alcea rosea
Pain	Allium fistulosum
Pain	Salix babylonica
Pain	Salix blinii
Pain	Dioscorea nipponica
Pain	Dioscorea quinquelobata
Pain	Hyoscyamus niger
Pain	Hylodesmum podocarpum var. oxyphyllum
Pain	Setaria italica
Pain	Mirabilis jalapa
Pain	Stellera chamaejasme
Pain	Hylomecon vernalis
Pain	Cercidiphyllum japonicum
Pain	Salix koreensis
Pain	Mustela sibirica
Pain	Peucedanum japonicum
Pain	Nepeta cataria
Pain	Allium victorialis
Pain	Clematis fusca
Pain	Kummerowia stipulacea
Pain	Kummerowia striata
Pain	Polygala japonica
Pain	Stachys palustris
Pain	Ilex cornuta
Pain	Ilex rotunda
Pain	Bidens bipinnata
Pain	Ormosia hosiei
Pain	Wisteriopsis reticulata
Pain	Caulophyllum robustum
Pain	Laurus nobilis
Pain	Pinus massoniana
Pain	Usnea
Pain	Rubus coreanus
Pain	Erycibe obtusifolia
Pain	Lysimachia barystachys
Pain	Bulbophyllum
Pain	Sapindus mukorossi
Pain	Liriodendron tulipifera
Pain	Euonymus fortunei
Pain	Disporum smilacinum
Pain	Streptopus ovalis
Pain	Coniogramme intermedia
Pain	Parthenocissus tricuspidata
Pain	Smilax sieboldii
Pain	Cynodon dactylon
Pain	Prunus salicina
Pain	Eurya japonica
Pain	Scilla scilloides
Pain	Kerria japonica
Pain	Homo
Pain	Duhaldea cappa
Pain	Pteris dispar
Pain	Flos
Pain	Maianthemum dahuricum
Pain	Vicia amurensis
Pain	Crotalaria sessiliflora
Pain	Rosa bracteata
Pain	Grewia biloba
Pain	Sanicula chinensis
Pain	Prunus persica
Pain	Nelumbo nucifera
Pain	Boehmeria nivea
Pain	Ricinus communis
Pain	Hylomecon hylomeconoides
Pain	Selaginella stauntoniana
Pain	Rorippa indica
Pain	Sus scrofa domesticus
Pain	Circaea mollis
Pain	Carduus crispus
Pain	Potentilla indica
Pain	Potentilla hebiichigo
Pain	Picea koraiensis
Pain	Sambucus javanica
Pain	Sambucus racemosa subsp. sieboldiana
Pain	Photinia serratifolia
Pain	Cervus nippon
Pain	Lespedeza cyrtobotrya
Pain	Androsace filiformis
Pain	Cornus controversa
Pain	Camellia japonica
Pain	Clinopodium gracile
Pain	Equisetum ramosissimum
Pain	Sambucus williamsii
Pain	Erycibe
Pain	Euonymus japonicus
Pain	Rhododendron micranthum
Pain	Tamarix ramosissima
Pain	Sambucus canadensis
Pain	Veronica polita
Pain	Fatsia japonica
Pain	Platycarya strobilacea
Pain	Amauroderma calcitum
Pain	Cercis chinensis
Pain	Eleutherococcus senticosus
Pain	Salix gracilistyla
Pain	Ilex chinensis
Pain	Prunus pseudocerasus
Pain	Quercus dentata
Pain	Disporum sessile
Pain	Carpinus cordata
Pain	Spiraea prunifolia
Pain	Spiraea trichocarpa
Pain	Vicia amoena
Pain	Tuber
Pain	Betula platyphylla
Pain	Lindera aggregata
Pain	Hosta plantaginea
Pain	Ginkgo biloba
Pain	Menispermum dauricum
Pain	Sargentodoxa cuneata
Pain	Abelmoschus manihot
Pain	Huperzia selago
Pain	Erodium stephanianum
Pain	Geranium carolinianum
Pain	Geranium eriostemon var. megalanthum
Pain	Geranium koreanum
Pain	Geranium krameri
Pain	Geranium sibiricum
Pain	Geranium thunbergii
Pain	Geranium tripartitum
Pain	Geranium wilfordii
Pain	Gloiopeltis furcata
Pain	Cervus nippon mantchuricus
Pain	Rhynchosia volubilis
Pain	Pentarhizidium orientale
Pain	Ardisia pusilla
Pain	Salix
Pain	Chloranthus japonicus
Pain	Cyprinus carpio
Pain	Cinnamomum insularimontanum
Pain	Pterocarya stenoptera
Pain	Bos taurus
Pain	Skimmia reevesiana
Pain	Achillea alpina
Pain	Leersia japonica
Pain	Glaucidium cuculoides
Pain	Geum aleppicum
Pain	Causonis japonica
Pain	Lepisorus ussuriensis
Pain	Elaeagnus umbellata
Pain	Garcinia hanburyi
Pain	Paliurus ramosissimus
Pain	Aeschynomene indica
Pain	Stella
Pain	Paeonia
Pain	Angelica dahurica
Pain	Menispermum dauricum
Pain	synthetic construct
Pain	Radix
Pain	Nu
Pain	Angelica
Pain	Tabanus
Pain	Illicium
Pain	Pheretima
Pain	Erycibe
Pain	Glycyrrhiza
Pain	Ligusticum sinense
Pain	Hyla sanchiangensis
Pain	Foeniculum
Pain	Dalbergia odorifera
Pain	Coridius
Pain	Ula
Pain	Litchi
Pain	Siphonostegia
Pain	Myrrha
Pain	Ia
Pain	Oar
Pain	Typha
Pain	Atta
Pain	Paris
Pain	Bia
Pain	Scorpio
Pain	Myristica
Pain	Moschus
Pain	Actaea
Pain	Ami
Pain	Eulota
Pain	Scolopendra
Pain	Ero
Pain	Cebus
Pain	Sar
Pain	Hea
Pain	Cyperus rotundus
Pain	Citrus medica
Pain	Tuber
Pain	Actaea dahurica
Pain	Citrus aurantium
Pain	Uca
Pain	Ensis
Pain	Nes
Pain	Litsea
Pain	Stephania tetrandra
Pain	Lonicera flava
Pain	Aristolochia
Pain	Murraya
Pain	Senna
Pain	Ulus
Pain	Zale
Pain	Cis
Pain	Schefflera
Pain	This
Pain	Clethra
Pain	unidentified
Pain	Pennellia yalaensis
Pain	Nicotiana tabacum
Pain	Nasturtium officinale
Pain	Marasmius calvocystidiatus
Pain	Serendipita herbamans
Pain	Veronica
Pain	Prunus dulcis
Pain	Nyctanthes arbor-tristis
Pain	Sesamoides
Pain	Tomophagus cattienensis
Pain	Kraftionema allantoideum
Pain	Persea americana
Pain	Phyllanthus
Pain	Cannabis
Pain	Allium cepa
Pain	Harpagophytum procumbens
Pain	Ginkgo biloba
Pain	Urtica dioica
Pain	Leucoagaricus croceobasis
Pain	Hypericum perforatum
Pain	Uncaria tomentosa
Pain	Lavandula angustifolia
Pain	Dieffenbachia
Pain	Capsicum
Pain	Aconitum
Pain	Cannabis sativa
Pain	Allium sativum
Pain	Leonotis leonurus
Pain	Psidium guajava
Pain	Angelica dahurica
Pain	Camellia sinensis
Pain	Oncophorus integerrimus
Pain	Curcuma longa
Pain	Syzygium aromaticum
Pain	Combretum molle
Pain	Salix
Pain	Salix sp.
Pain	Harpagophytum
Pain	Daphne retusa
Pain	Mirabilis jalapa
Pain	Inocybe farinosipes
Pain	Solanum lycopersicum
Pain	Ekimia ozcan-secmenii
Pain	Citrus
Pain	Citrus medica
Pain	Cicer arietinum
Pain	Citrullus lanatus
Pain	Gossypium barbadense
Pain	Serendipita indica
Pain	Zea mays
Pain	Citrus sinensis
Pain	Piper nigrum
Pain	Triticum aestivum
Pain	Lactuca sativa
Pain	Cucurbita
Pain	Cucurbita pepo
Pain	Fomitiporia punctata
Pain	Phellinus igniarius
Pain	Tricholoma boreosulphurescens
Pain	Linum usitatissimum
Pain	Cucumis sativus
Pain	Erythroxylum coca
Pain	Betula
Pain	Theobroma cacao
Pain	Moniliophthora perniciosa
Pain	Haematococcus lacustris
Pain	Juglans
Pain	Lentinula edodes
Pain	Cryptolepis nigrescens
Pain	Capsicum frutescens
Pain	Fragaria x ananassa
Pain	Arachis hypogaea
Pain	Caryota no
Pain	Citrus x paradisi
Pain	Gossypium hirsutum
Pain	Rhizoctonia fragariae
Pain	Abelmoschus esculentus
Pain	Nicotiana benthamiana
Pain	Primula malacoides
Pain	Fagopyrum esculentum
Pain	Phyllostachys vivax
Pain	Solanum tuberosum
Pain	Arabidopsis thaliana
Pain	Trifolium repens
Pain	Amanita muscaria
Pain	Alocasia macrorrhizos
Pain	Pluteus multiformis
Pain	Cuviera semseii
Pain	x Chitalpa tashkentensis
Pain	Hordeum vulgare
Pain	Hordeum bulbosum
Pain	Allamanda cathartica
Pain	Allamanda
Pain	Tamarix aphylla
Pain	Salvia miltiorrhiza
Pain	Vitex agnus-castus
Pain	Khaya ivorensis
Pain	Wissadula amplissima
Pain	Tricholoma bryogenum
Pain	Actaea racemosa
Pain	Polygonatum verticillatum
Pain	Rumex abyssinicus
Pain	Petunia x hybrida
Pain	Ambrosia acanthicarpa
Pain	Bowdichia virgilioides
Pain	Ocimum tenuiflorum
Pain	Malus domestica
Pain	Olea
Pain	Malva parviflora
Pain	Glycine soja
Pain	Oryza sativa
Pain	Cyamopsis tetragonoloba
Pain	Panax notoginseng
Pain	Eriobotrya japonica
Pain	Rhynchosia minima
Pain	Podoscypha parvula
Pain	Centrosema pubescens
Pain	Vitis vinifera
Pain	Ceriporia occidentalis
Pain	Cortinarius ceskae
Pain	Lantana camara
Pain	Colocasia esculenta
Pain	Crotalaria juncea
Pain	Cajanus cajan
Pain	Sarcoporia polyspora
Pain	Prunus persica
Pain	Capsella bursa-pastoris
Pain	Ananas comosus
Pain	Ipomoea batatas
Pain	Ipomoea setosa
Pain	Magnolia
Pain	Borago officinalis
Pain	Aegiceras corniculatum
Pain	Garcinia mangostana
Pain	Rhodiola rosea
Pain	Carya illinoinensis
Pain	Sesamum indicum
Pain	Machaerium brasiliense
Pain	Lepiota himalayensis
Pain	Tecomella undulata
Pain	Capsicum chinense
Pain	Thladiantha dubia
Pain	Catharanthus roseus
Pain	Aa
Pain	Glycyrrhiza
Pain	Rheum rhabarbarum
Pain	Aegilops tauschii
Pain	Terminalia chebula
Pain	Citrus volkameriana
Pain	Hibiscus arnottianus
Pain	Manihot esculenta
Pain	Nicotiana
Pain	Nicotiana sylvestris
Pain	Datura stramonium
Pain	Aloysia citrodora
Pain	Satureja hortensis
Pain	Paeonia lactiflora
Pain	Strychnos ignatii
Pain	Cotyledon orbiculata
Pain	Convolvulus arvensis
Pain	Mangifera indica
Pain	Butea monosperma
Pain	Aloe vera
Pain	Chrysanthemum indicum
Pain	Azadirachta indica
Pain	Citrus macrophylla
Pain	Boletus edulis
Pain	Mentha spicata
Pain	Malva neglecta
Pain	Impatiens balsamina
Pain	Pisum sativum
Pain	Glycine max
Pain	Vicia faba
Pain	Solanum melongena
Pain	Secale cereale
Pain	Aralia continentalis
Pain	Arctium tomentosum
Pain	Ephedra
Pain	Brachypodium
Pain	Ziziphus mauritiana
Pain	Agaricus stevensii
Pain	Eucharis x grandiflora
Pain	Cardiospermum halicacabum
Pain	Ocimum gratissimum
Pain	Campanula rotata
Pain	Actaea cimicifuga
Pain	Cyanthillium cinereum
Pain	Hydnora johannis
Pain	Arabidopsis
Pain	Mesosphaerum pectinatum
Pain	Anacardium occidentale
Pain	Acca
Pain	Sorbus aucuparia
Pain	Lycopus europaeus
Pain	Geranium robertianum
Pain	Acacia
Pain	Banksia
Pain	Gynura segetum
Pain	Taraxacum officinale
Pain	Aspalathus linearis
Pain	Serenoa repens
Pain	Ceiba pentandra
Pain	Barranca multiflagellata
Pain	Pseudotricholoma metapodium
Pain	Oedogonium intermedium
Pain	Rehmannia
Pain	Cortinarius walkeri
Pain	Arisaema amurense
Pain	Citrus aurantium
Pain	Isodon serra
Pain	Solanum aphyodendron
Pain	Actinidia deliciosa
Pain	Premna serratifolia
Pain	Crinipellis rhizomaticola
Pain	Pinus sylvestris
Pain	Morus alba
Pain	Mentha x piperita
Pain	Ambrosia
Pain	Corylus avellana
Pain	Inti
Pain	Viscum album
Pain	Vaccinium corymbosum
Pain	Narcissus
Pain	Psidium cattleyanum
Pain	Rubus idaeus
Pain	Ligusticum porteri
Pain	Quechua
Pain	Carthamus tinctorius
Pain	Arnica
Pain	Trifolium pratense
Pain	Zingiber officinale
Pain	Phleum pratense
Pain	Ranunculus talassicus
Pain	Citrus reshni
Pain	Paeonia suffruticosa
Pain	Angelica acutiloba
Pain	Cucumis anguria
Pain	Quercus alba
Pain	Cortinarius catharinae
Pain	Phellodendron amurense
Pain	Carica papaya
Pain	Allium macrostemon
Pain	Saposhnikovia
Pain	Hardenbergia comptoniana
Pain	Lupinus cosentinii
Pain	Rhodiola
Pain	Leucoagaricus asiaticus
Pain	Piper longum
Pain	Lannea coromandelica
Pain	Ganoderma
Pain	Alafia barteri
Pain	Syzygium jambos
Pain	Levisticum officinale
Pain	Salvia rosmarinus
Pain	Coriandrum sativum
Pain	Cupressus
Pain	Cyrtopodium macrobulbon
Pain	Hellenia speciosa
Pain	Deamia montalvoae
Pain	Crocus sativus
Pain	Brassica napus
Pain	Viburnum lantana
Pain	Jatropha multifida
Pain	Citrus sinensis x Citrus trifoliata
Pain	Rheum palmatum
Pain	Flammulina velutipes
Pain	Inosperma lanatodiscum
Pain	Brassica rapa
Pain	Entoloma griseorugulosum
Pain	Dioscorea alata
Pain	Vigna angularis
Pain	Curcuma
Pain	Pleurostylia capensis
Pain	Cortinarius mirus
Pain	Hyacinthus orientalis
Pain	Senna
Pain	Cortinarius talimultiformis
Pain	Cinnamomum verum
Pain	Morus
Pain	Daucus carota
Pain	Phaseolus vulgaris
Pain	Sonchus oleraceus
Pain	Physalis peruviana
Pain	Russula siamensis
Pain	Rhizoctonia solani
Pain	Psilocybe semilanceata
Pain	Lilium
Pain	Ferulago angulata
Pain	Lolium perenne
Pain	Liquidambar styraciflua
Pain	Chenopodium quinoa
Pain	Uncaria sinensis
Pain	Copelandia tropicalis
Pain	Angelica gigas
Pain	Terminalia arjuna
Pain	Rhododendron
Pain	Angelica sinensis
Pain	Chione
Pain	Suillus marginielevatus
Pain	Pyrus communis
Pain	Inga
Pain	Papaver somniferum
Pain	Nepenthes ampullaria
Pain	Plectranthus barbatus
Pain	Gardenia jasminoides
Pain	Magnolia officinalis
Pain	Vigna radiata
Pain	Dahlia pinnata
Pain	Hemerocallis fulva
Pain	Acorus calamus
Pain	Typhonium trilobatum
Pain	Boletus pinetorum
Pain	Dietes
Pain	Prunus domestica
Pain	Aesculus hippocastanum
Pain	Fraxinus ornus
Pain	Coffea arabica
Pain	Coffea canephora
Pain	Cortinarius caesiocinctus
Pain	Medicago truncatula
Pain	Castanea sativa
Pain	Artemisia ludoviciana
Pain	Streblus asper
Pain	Pseudochlorella pringsheimii
Pain	Leonurus sibiricus
Pain	Fomitiporia expansa
Pain	Brassica oleracea
Pain	Catha edulis
Pain	Sambucus canadensis
Pain	Medicago sativa
Pain	Stephania japonica
Pain	Jasminum sambac
Pain	Jasminum
Pain	Actinidia
Pain	Abronia mellifera
Pain	Ceropegia botrys
Pain	Psathyrella romellii
Pain	Derris
Pain	Lonchocarpus
Pain	Dracaena sanderiana
Pain	Agaricus pakistanicus
Pain	Fragaria vesca
Pain	Cucumis melo
Pain	Jatropha curcas
Pain	Polygala
Pain	Inocybe floccosibrunnea
Pain	Diospyros kaki
Pain	Phytolacca americana
Pain	Alpinia officinarum
Pain	Dianthus caryophyllus
Pain	Bupleurum falcatum
Pain	Betula pendula
Pain	Cryptomeria japonica
Pain	Opuntia ficus-indica
Pain	Olea europaea
Pain	Lepidium didymum
Pain	Morinda citrifolia
Pain	Cydonia oblonga
Pain	Hymenocallis littoralis
Pain	Citrus reticulata
Pain	Borago
Pain	Nardostachys jatamansi
Pain	Jasminum officinale
Pain	Nymphaea lotus
Pain	Wisteria sinensis
Pain	Laurus nobilis
Pain	Capsicum annuum
Pain	Salvia sclarea
Pain	Boswellia sacra
Pain	Geranium
Pain	Cananga odorata
Pain	Paulownia
Pain	Alpinia oxyphylla
Pain	Actinidia chinensis
Pain	Vigna unguiculata
Pain	Campanula takesimana
Pain	Plantago asiatica
Pain	Eucalyptus globulus
Pain	Mentha pulegium
Pain	Lactarius pasohensis
Pain	Sinomenium acutum
Pain	Silene chalcedonica
Pain	Hibiscus cannabinus
Pain	Lepidium meyenii
Pain	Bougainvillea glabra
Pain	Hippophae rhamnoides
Pain	Ixeridium dentatum
Pain	Rosa canina
Pain	Anacyclus pyrethrum
Pain	Melissa officinalis
Pain	Valeriana officinalis
Pain	Citrus trifoliata
Pain	Withania somnifera
Pain	Inocybe favrei
Pain	Opuntia
Pain	Platanus x hispanica
Pain	Allium hirtifolium
Pain	Dendropanax morbifer
Pain	Chrysanthemum x morifolium
Pain	Callistephus chinensis
Pain	Parthenium hysterophorus
Pain	Apium graveolens
Pain	Cribbea turbinispora
Pain	Polygonum aviculare
Pain	Tithonia tubaeformis
Pain	Sesbania grandiflora
Pain	Citrus limon
Pain	Stachys lavandulifolia
Pain	Helianthus annuus
Pain	Fallopia multiflora
Pain	Calendula officinalis
Pain	Tagetes erecta
Pain	Jasminum multiflorum
Pain	Amanita pantherina
Pain	Grias
Pain	Typhula sp.
Pain	Ageratum conyzoides
Pain	Pyrus ussuriensis
Pain	Gelsemium
Pain	Linaria vulgaris
Pain	Vinca minor
Pain	Fraxinus excelsior
Pain	Duguetia furfuracea
Pain	Dioscorea bulbifera
Pain	Agaricus blazei
Pain	Banisteriopsis caapi
Pain	Hofmeisteria schaffneri
